EU,Product.Type,Product.Type.Code,Product.Subtype,Product.Subtype.Code,Product.Subtype.Code.Check,Product,Product.Simple,Product.Simple.Code,Product.Code.Check,Component,Latin.Name,Notes,Nfix,Tree,Mulched,Incorp,Unknown.Fate,ECOCROP.Name,ECOCROP.Notes,ICC_Code_1.1,ICC_CropName,Livestock_Group,Livestock_Class,Livestock_Descriptor,CPC_Code_2.1,WFO_Code,UN_Comtrade_Code_1,UN_Comtrade_Description_1,UN_Comtrade_Code_2,UN_Comtrade_Description_2,Ref_Source,Ref_Name,Ref_Link,Ref_Match,Ref_Notes,Ref2_Source,Ref2_Name,Ref2_Link,Ref2_Match,Ref2_Notes
a10,Animal,Animal,Eggs (Stored),Egg,TRUE,Stored Eggs (Chicken),Eggs,Egg,TRUE,NA,,Only to be used for storage papers.,NA,NA,NA,NA,NA,NA,NA,NA,NA,14,146,raising of poultry-production of eggs,no match,NA,40721,"birds' eggs, in shell; fresh, not for incubation, of fowls of the species Gallus domesticus (domestic hens)",,,,,,,,,,,,
a11,Animal,Animal,Eggs (Stored),Egg,TRUE,Stored Eggs (Other),Eggs,Egg,TRUE,NA,,Only to be used for storage papers.,NA,NA,NA,NA,NA,NA,NA,NA,NA,14,146,raising of poultry-production of eggs,no match,NA,407,"birds' eggs, in shell; fresh, preserved or cooked",,,,,,,,,,,,
a5,Animal,Animal,Bovine,Bo,TRUE,Buffalo,Buffalo,Buf,TRUE,Meat,Bubalus bubalis,,NA,NA,NA,NA,NA,NA,NA,NA,NA,1,12,buffaloes,2112,NA,201,meat of bovine animals; fresh or chilled,,,,,,,,,,,,
a6,Animal,Animal,Camelid,Cam,TRUE,Camel (Meat),Camel,Cam,TRUE,Meat,Camelus dromedarius,,NA,NA,NA,NA,NA,NA,NA,NA,NA,5,51,camels,2121,NA,20860,"meat and edible meat offal; of camels and other camelids (Camelidae), fresh, chilled or frozen",,,,,,,,,,,,
a6.1,Animal,Animal,Camelid,Cam,TRUE,Camel (Milk),Camel,Cam,TRUE,Milk,Camelus dromedarius,,NA,NA,NA,NA,NA,NA,NA,NA,NA,5,51,camels,2121,NA,10613,"mammals; live, camels and other camelids (Camelidae)",401,"milk and cream; not concentrated, not containing added sugar or other sweetening matter",,,,,,,,,,
a8,Animal,Animal,Bovine,Bo,TRUE,Cattle (Meat),Cattle,Cat,TRUE,Meat,,,NA,NA,NA,NA,NA,NA,NA,NA,NA,1,11,cattle,2111,NA,201,meat of bovine animals; fresh or chilled,,,,,,,,,,,,
a8.1,Animal,Animal,Bovine,Bo,TRUE,Cattle (Milk),Cattle,Cat,TRUE,Milk,,,NA,NA,NA,NA,NA,NA,NA,NA,NA,1,11,cattle,2111,NA,401,"milk and cream; not concentrated, not containing added sugar or other sweetening matter",,,,,,,,,,,,
a13,Animal,Animal,Caprine,Cap,TRUE,Goat (Meat),Goat,Goa,TRUE,Meat,Capra aegagrus hircus,,NA,NA,NA,NA,NA,NA,NA,NA,NA,2,22,goats,2123,NA,20450,"meat; of goats, fresh, chilled or frozen",,,,,,,,,,,,
a13.1,Animal,Animal,Caprine,Cap,TRUE,Goat (Milk),Goat,Goa,TRUE,Milk,Capra aegagrus hircus,,NA,NA,NA,NA,NA,NA,NA,NA,NA,2,22,goats,2123,NA,10420,Goats; live,401,"milk and cream; not concentrated, not containing added sugar or other sweetening matter",,,,,,,,,,
a16,Animal,Animal,Porcine,Por,TRUE,Pig,Pigs,Pig,TRUE,Meat,Sus scrofa domesticus,,NA,NA,NA,NA,NA,NA,NA,NA,NA,3,3,swine/ pigs,2140,NA,203,"meat of swine; fresh, chilled or frozen",,,,,,,,,,,,
a18,Animal,Animal,Rodent,Ro,TRUE,Rabbit,Rabbit,Rab,TRUE,Meat,Oryctolagus cuniculus domesticus,,NA,NA,NA,NA,NA,NA,NA,NA,NA,7,72,rabbits and hares,2191,NA,20810,"meat and edible meat offal; of rabbits or hares, fresh, chilled or frozen",,,,,,,,,,,,
a20,Animal,Animal,Caprine,Cap,TRUE,Sheep (Meat),Sheep,Shee,TRUE,Meat,Ovis aries,,NA,NA,NA,NA,NA,NA,NA,NA,NA,2,21,sheep,2122,NA,204,"meat of sheep or goats; fresh, chilled or frozen",,,,,,,,,,,,
a20.1,Animal,Animal,Caprine,Cap,TRUE,Sheep (Milk),Sheep,Shee,TRUE,Milk,Ovis aries,,NA,NA,NA,NA,NA,NA,NA,NA,NA,2,21,sheep,2122,NA,10410,sheep; live,401,"milk and cream; not concentrated, not containing added sugar or other sweetening matter",,,,,,,,,,
a20.2,Animal,Animal,Caprine,Cap,TRUE,Sheep (Wool),Sheep,Shee,TRUE,Wool,Ovis aries,,NA,NA,NA,NA,NA,NA,NA,NA,NA,2,21,sheep,2122,NA,10410,sheep; live,,,,,,,,,,,,
a14,Animal,Animal,Equine,Eq,TRUE,Horse,Horse,Hors,TRUE,Meat,Equus ferus caballus,,NA,NA,NA,NA,NA,NA,NA,NA,NA,4,41,horses,2131,NA,20500,"meat; of horses, asses, mules or hinnies, fresh, chilled or frozen",,,,,,,,,,,,
a15,Animal,Animal,Equine,Eq,TRUE,Donkey & Mule,Donkey,Don,TRUE,Meat,,,NA,NA,NA,NA,NA,NA,NA,NA,NA,4,42-43,asses-mules and hinnies,02132-02133,NA,20500,"meat; of horses, asses, mules or hinnies, fresh, chilled or frozen",,,,,,,,,,,,
a35,Animal,Animal,Rodent,Ro,TRUE,Guinea Pig,Guinea Pig,GuPi,TRUE,Meat,Cavia porcellus,,NA,NA,NA,NA,NA,NA,NA,NA,NA,no match,no match,no match,no match,NA,no match,,,,,,,,,,,,,
a33,Animal,Animal,Milk (Stored),MiS,TRUE,Stored Milk,Milk,Mil,TRUE,Milk,,Only to be used for storage papers.,NA,NA,NA,NA,NA,NA,NA,NA,NA,14,141,production of raw cow milk from cows or buffaloes-production of raw sheep or goat milk,,NA,401,"milk and cream; not concentrated, not containing added sugar or other sweetening matter",,,,,,,,,,,,
a7,Animal,Animal,Poultry,Pou,TRUE,Chicken (Meat),Chicken,Chick,TRUE,Meat,Gallus gallus domesticus,,NA,NA,NA,NA,NA,NA,NA,NA,NA,6,61,chickens,2151,NA,207,"meat and edible offal of poultry; of the poultry of heading no. 0105, (i.e. fowls of the species Gallus domesticus), fresh, chilled or frozen",,,,,,,,,,,,
a7.1,Animal,Animal,Poultry,Pou,TRUE,Chicken (Eggs),Chicken,Chick,TRUE,Eggs,Gallus gallus domesticus,,NA,NA,NA,NA,NA,NA,NA,NA,NA,6,61,chickens,2151,NA,40721,"birds' eggs, in shell; fresh, not for incubation, of fowls of the species Gallus domesticus (domestic hens)",,,,,,,,,,,,
a9,Animal,Animal,Poultry,Pou,TRUE,Duck,Duck,Duc,TRUE,Meat,Anas platyrhynchos domesticus,,NA,NA,NA,NA,NA,NA,NA,NA,NA,6,64,ducks,2154,NA,10513,"poultry; live, ducks, weighing not more than 185g",2,meat and edible offal,,,,,,,,,,
a12,Animal,Animal,Poultry,Pou,TRUE,Geese,Geese,Gee,TRUE,Meat,Anser anser domesticus,,NA,NA,NA,NA,NA,NA,NA,NA,NA,6,63,geese,2153,NA,10514,"poultry; live, geese, weighing not more than 185g",2,meat and edible offal,,,,,,,,,,
a22,Animal,Animal,Poultry,Pou,TRUE,Turkey,Turkey,Turk,TRUE,Meat,Meleagris gallopavo,,NA,NA,NA,NA,NA,NA,NA,NA,NA,6,62,turkeys,2152,NA,10512,"poultry; live, turkeys, weighing not more than 185g",2,meat and edible offal,,,,,,,,,,
a4,Animal,Animal,Poultry,Pou,TRUE,Bird (Other),Other Bird,OtBi,TRUE,Meat,,,NA,NA,NA,NA,NA,NA,NA,NA,NA,7,76,other birds (e.g pigeons),2194,NA,10639,"birds; live, other than birds of prey, Psittaciformes, ostriches and emus (Dromaius novaehollandiae)",2,meat and edible offal,,,,,,,,,,
a34,Animal,Animal,Poultry,Pou,TRUE,Domestic Guineafowl,Guineafowl,GuFo,TRUE,Meat,Numida meleagris,,NA,NA,NA,NA,NA,NA,NA,NA,NA,6,65,guinea fowls,2155,NA,10515,"poultry; live, guinea fowls, weighing not more than 185g",2,meat and edible offal,,,,,,,,,,
a36,Animal,Animal,Poultry,Pou,TRUE,Ostrich,Ostrich,Ost,TRUE,Meat,Struthio camelus,,NA,NA,NA,NA,NA,NA,NA,NA,NA,7,75,ostriches and emus,2193,NA,10633,"birds; live, ostriches; emus (Dromaius novaehollandiae)",2,meat and edible offal,,,,,,,,,,
a36.1,Animal,Animal,Poultry,Pou,TRUE,Ostrich,Ostrich,Ost,TRUE,Eggs,Struthio camelus,,NA,NA,NA,NA,NA,NA,NA,NA,NA,7,75,ostriches and emus,2193,NA,10633,"birds; live, ostriches; emus (Dromaius novaehollandiae)",407,"birds' eggs, in shell; fresh, preserved or cooked",,,,,,,,,,
a38,Animal,Animal,Poultry,Pou,TRUE,Japanese Quail,Quail,Qua,TRUE,Meat,Cortunix cortunix japonica,,NA,NA,NA,NA,NA,NA,NA,NA,NA,no match,no match,no match,no match,NA,no match,,,,,,,,,,,,,
a23,Animal,Animal,Seafood,Sf,TRUE,Crustacean,Crustacean,Cru,TRUE,Meat,,,NA,NA,NA,NA,NA,NA,NA,NA,NA,no match,no match,no match,no match,NA,306,"crustaceans; in shell or not, live, fresh, chilled, frozen, dried, salted or in brine; smoked, cooked or not before or during smoking; in shell, steamed or boiled, whether or not chilled, frozen, dried, salted or in brine; edible flours, meals, pellets",2,meat and edible offal,,,,,,,,,,
a24,Animal,Animal,Seafood,Sf,TRUE,Fish,Fish,Fis,TRUE,Meat,,,NA,NA,NA,NA,NA,NA,NA,NA,NA,no match,no match,no match,no match,NA,304,"fish fillets and other fish meat (whether or not minced); fresh, chilled or frozen",,,,,,,,,,,,
a25,Animal,Animal,Seafood,Sf,TRUE,Shellfish,Shellfish,ShFi,TRUE,Meat,,,NA,NA,NA,NA,NA,NA,NA,NA,NA,no match,no match,no match,no match,NA,no match,,,,,,,,,,,,,
a26,Animal,Animal,Seafood,Sf,TRUE,Cephalapod,Cephalapod,Cep,TRUE,Meat,,,NA,NA,NA,NA,NA,NA,NA,NA,NA,no match,no match,no match,no match,NA,30751,"molluscs; octopus (Octopus spp.), live, fresh or chilled",2,meat and edible offal,,,,,,,,,,
a37,Animal,Animal,Seafood,Sf,TRUE,Collector Urchin,Collector Urchin,Col,TRUE,Meat,Tripneustes gratilla,,NA,NA,NA,NA,NA,NA,NA,NA,NA,no match,no match,no match,no match,NA,30821,"aquatic invertebrates; sea urchins (Strongylocentrotus spp., Paracentrotus lividus, Loxechinus albus, Echinus esculentus), live, fresh or chilled",2,meat and edible offal,,,,,,,,,,
a21,Animal,Animal,Gastropod,Ga,TRUE,Snail,Snail,Sna,TRUE,Meat,,,NA,NA,NA,NA,NA,NA,NA,NA,NA,14,149,"raising of other animals-operation of worm farms, land mollusc farms, snail farms, etc.",,NA,no match,,,,,,,,,,,,,
c2,Plant,Plant,Cereals,Ce,TRUE,Amaranth (Grain),Amaranth,Amar,TRUE,Seed,Amaranthus sp,,No,No,b27.2,b41.2,b40.2,Amaranthus sp.,,no match,no match,NA,NA,NA,NA,wfo-4000001466,no match,,,,,,,,,,,,,
c3,Plant,Plant,Cereals,Ce,TRUE,Barley,Barley,Bar,TRUE,Seed,Hordeum vulgare,,No,No,b27.2,b41.2,b40.2,Hordeum vulgare,,1.05,barley,NA,NA,NA,NA,wfo-0000875054,100310,"cereals; barley, seed",,,,,,,,,,,,
c4,Plant,Plant,Cereals,Ce,TRUE,Buckwheat,Buckwheat,Buc,TRUE,Seed,Fagopyrum esculentum,,No,No,b27.2,b41.2,b40.2,Fagopyrum esculentum,,1.1,buckwheat,NA,NA,NA,NA,wfo-0000685460,100810,cereals; buckwheat,,,,,,,,,,,,
c6,Plant,Plant,Cereals,Ce,TRUE,Fonio,Fonio,Fon,TRUE,Seed,Digitaria sp,,No,No,b27.2,b41.2,b40.2,Digitaria sp.,,1.11,fonio,NA,NA,NA,NA,wfo-4000011700,100840,cereals; fonio (Digitaria spp.),,,,,,,,,,,,
c7,Plant,Plant,Cereals,Ce,TRUE,Maize,Maize,Mai,TRUE,Seed,Zea mays,,No,No,b27.2,b41.2,b40.2,Zea mays ssp. mays,,1.02,"maize, ordinary",NA,NA,NA,NA,wfo-0000907754,100510,"cereals; maize (corn), seed",,,,,,,,,,,,
c8,Plant,Plant,Cereals,Ce,TRUE,Millet (Other),Other Millet,OtMi,TRUE,Seed,Echinochloa sp,,No,No,b27.2,b41.2,b40.2,Echinochloa sp.,cereal crops only (Echinochloa crus-galli + Echinochloa frumentacea),1.08,"millet, japanese",NA,NA,NA,NA,wfo-4000012916,100821,"cereals; millet, seed",,,,,,,,,,,,
c16,Plant,Plant,Cereals,Ce,TRUE,Finger Millet,Finger Millet,FiMi,TRUE,Seed,Eleusine coracana,,No,No,b27.2,b41.2,b40.2,Eleusine coracana ssp. coracana,,1.08,"millet, finger",NA,NA,NA,NA,wfo-0000865686,no match,,,,,,,,,,,,,
c17,Plant,Plant,Cereals,Ce,TRUE,Pearl Millet,Pearl Millet,PeMi,TRUE,Seed,Pennisetum glaucum,,No,No,b27.2,b41.2,b40.2,Pennisetum glaucum,,1.08,"millet, pearl (bajra, bulrush)",NA,NA,NA,NA,wfo-0000888897,no match,,,,,,,,,,,,,
c9,Plant,Plant,Cereals,Ce,TRUE,Oats,Oats,Oat,TRUE,Seed,Avena sativa,,No,No,b27.2,b41.2,b40.2,Avena sativa,,1.07,"oats, for grain",NA,NA,NA,NA,wfo-0000852231,100410,"cereals; oats, seeds",,,,,,,,,,,,
c10,Plant,Plant,Cereals,Ce,TRUE,Quinoa,Quinoa,Quin,TRUE,Seed,Chenopodium quinoa,,No,No,b27.2,b41.2,b40.2,Chenopodium quinoa,,1.12,quinoa,NA,NA,NA,NA,wfo-0000601712,100850,cereals; quinoa (Chenopodium quinoa),,,,,,,,,,,,
c11,Plant,Plant,Cereals,Ce,TRUE,Rice,Rice,Rice,TRUE,Seed,Oryza sativa,,No,No,b27.2,b41.2,b40.2,Oryza sativa,Oryza sativa + Oryza sativa ssp. Indica + Oryza sativa ssp. javanica,1.03,rice,NA,NA,NA,NA,wfo-0000882438,1006,rice,,,,,,,,,,,,
c12,Plant,Plant,Cereals,Ce,TRUE,Rye,Rye,Rye,TRUE,Seed,Secale cereale,,No,No,b27.2,b41.2,b40.2,Secale cereale,,1.06,rye,NA,NA,NA,NA,wfo-0000898524,100210,"cereals; rye, seed",,,,,,,,,,,,
c13,Plant,Plant,Cereals,Ce,TRUE,Sorghum,Sorghum,Sor,TRUE,Seed,Sorghum bicolor,,No,No,b27.2,b41.2,b40.2,Sorghum bicolor,,1.04,sorghum,NA,NA,NA,NA,wfo-0000900184,100710,"cereals; grain sorghum, seed",,,,,,,,,,,,
c14,Plant,Plant,Cereals,Ce,TRUE,Wheat,Wheat,Whe,TRUE,Seed,Triticum aestivum,,No,No,b27.2,b41.2,b40.2,Triticum aestivum,Triticum aestivum,1.01,wheat,NA,NA,NA,NA,wfo-0000905667,100191,"cereals; wheat and meslin, other than durum wheat, seed",,,,,,,,,,,,
c15,Plant,Plant,Cereals,Ce,TRUE,Teff,Teff,Tef,TRUE,Seed,Eragrostis tef,,No,No,b27.2,b41.2,b40.2,Eragrostis tef,,1.9,tef,NA,NA,NA,NA,wfo-0000868504,no match,,,,,,,,,,,,,
c18,Plant,Plant,Cereals,Ce,TRUE,Durum Wheat,Durum Wheat,Dur,TRUE,Seed,Triticum durum,,No,No,b27.2,b41.2,b40.2,Triticum durum,,1.01,durum wheat,NA,NA,NA,NA,wfo-0000905945,100111,"cereals; wheat and meslin, durum wheat, seed",,,,,,,,,,,,
c19,Plant,Plant,Cereals,Ce,TRUE,Triticale,Triticale,Trit,TRUE,Seed,× Triticosecale,,No,No,b27.2,b41.2,b40.2,NA,NA,1.09,triticale,NA,NA,NA,NA,wfo-4000039396,100860,cereals; triticale,,,,,,,,,,,,
d2,Plant,Plant,Fibre & Wood,FiWo,TRUE,Agave,Agave,Aga,TRUE,Fibre,Agave sp,,No,No,b27.2,b41.2,b40.2,Agave sp.,Agave cantala + Agave fourcroydes + Agave lecheguilla,9.02.02,henequen-maguey,NA,NA,NA,NA,wfo-4000000928,560721,"twine; binder or baler twine, of sisal or other textile fibres of the genus agave",,,,,,,,,,,,
d4,Plant,Plant,Fibre & Wood,FiWo,TRUE,Coir (Coconut Fiber),Coir,Coi,TRUE,Fibre,Cocos nucifera,,No,Yes,a17.1,a17.2,a17,Cocos nucifera,,4.04.01,coconut,NA,NA,NA,NA,wfo-0000903570,5305,"coconut, abaca (manila hemp or musa textilis nee), ramie and other vegetable textile fibres n.e.c., raw or processed but not spun; tow, noils and waste of these fibres (including yarn waste and garnetted stock)",,,,,,,,,,,,
d5,Plant,Plant,Fibre & Wood,FiWo,TRUE,Cotton,Cotton,Cott,TRUE,Unspecified,Gossypium sp,,No,No,b27.2,b41.2,b40.2,Gossypium sp.,Gossypium barbadense + Gossypium hirsutum + Gossypium arboreum + Gossypium herbaceum,9.02.01.01,cotton (all varieties),NA,NA,NA,NA,wfo-4000016081,5201,cotton; not carded or combed,,,,,,,,,,,,
d5.2,Plant,Plant,Fibre & Wood,FiWo,TRUE,Cotton (Lint or Fibre),Cotton,Cott,TRUE,Fibre,Gossypium sp,,No,No,b27.2,b41.2,b40.2,Gossypium sp.,Gossypium barbadense + Gossypium hirsutum + Gossypium arboreum + Gossypium herbaceum,9.02.01.01,cotton (all varieties),NA,NA,NA,NA,wfo-4000016081,5201,cotton; not carded or combed,,,,,,,,,,,,
d6,Plant,Plant,Fibre & Wood,FiWo,TRUE,Flax,Flax,Fla,TRUE,Fibre,Linum usitatissimum,,No,No,b27.2,b41.2,b40.2,Linum usitatissimum,,9.02.01.04,flax for fibre,NA,NA,NA,NA,wfo-0000366385,5301,"flax, raw or processed but not spun; flax tow and waste (including yarn waste and garnetted stock)",,,,,,,,,,,,
d7,Plant,Plant,Fibre & Wood,FiWo,TRUE,Hemp,Hemp,Hem,TRUE,Fibre,Cannabis sativa ssp indica,,No,No,b27.2,b41.2,b40.2,Cannabis sativa ssp. indica,,9.02.01.05,hemp fibre,NA,NA,NA,NA,wfo-0000584006,5302,"true hemp (Cannabis sativa l.), raw or processed but not spun; tow and waste of true hemp (including yarn waste and garnetted stock)",,,,,,,,,,,,
d16,Plant,Plant,Fibre & Wood,FiWo,TRUE,Jute Mallow or Nalta Jute,Jute Mallow,Jut,TRUE,Fibre,Corchorus olitorius,,No,No,b27.2,b41.2,b40.2,Corchorus olitorius,,9.02.01.02,jute,NA,NA,NA,NA,wfo-0000620125,5303,"jute and other textile bast fibres (not flax, true hemp and ramie), raw or processed but not spun; tow and waste of these fibres, including yarn waste and garnetted stock",,,,,,,,,,,,
d8,Plant,Plant,Fibre & Wood,FiWo,TRUE,White Jute,White Jute,Whi,TRUE,Fibre,Corchorus capsularis,,No,Yes,a17.1,a17.2,a17,Corchorus capsularis,,9.02.01.02,jute,NA,NA,NA,NA,wfo-0000620030,5303,"jute and other textile bast fibres (not flax, true hemp and ramie), raw or processed but not spun; tow and waste of these fibres, including yarn waste and garnetted stock",,,,,,,,,,,,
d9,Plant,Plant,Fibre & Wood,FiWo,TRUE,Kapok,Kapok,Kap,TRUE,Fibre,Ceiba sp,,No,Yes,a17.1,a17.2,a17,Ceiba sp.,Ceiba pentandra + Bombax ceiba,9.02.02,kapok,NA,NA,NA,NA,wfo-4000007120,no match,,,,,,,,,,,,,
d10,Plant,Plant,Fibre & Wood,FiWo,TRUE,Manila or Abaca,Manila,Mani,TRUE,Fibre,Musa textilis,,No,Yes,a17.1,a17.2,a17,Musa textilis,,9.02.01.05,abaca (manila hemp),NA,NA,NA,NA,wfo-0000475111,530500,"coconut, abaca (manila hemp or Musa textilis nee), ramie and other vegetable textile fibres n.e.c., raw or processed but not spun; tow, noils and waste of these fibres (including yarn waste and garnetted stock)",,,,,,,,,,,,
d11,Plant,Plant,Fibre & Wood,FiWo,TRUE,Ramie,Ramie,Ram,TRUE,Fibre,Boehmeria nivea,,No,No,b27.2,b41.2,b40.2,Boehmeria nivea,,9.02.02.01,ramie,NA,NA,NA,NA,wfo-0000567636,530500,"coconut, abaca (manila hemp or Musa textilis nee), ramie and other vegetable textile fibres n.e.c., raw or processed but not spun; tow, noils and waste of these fibres (including yarn waste and garnetted stock)",,,,,,,,,,,,
d13,Plant,Plant,Fibre & Wood,FiWo,TRUE,Silkworm Cocoon,Silk Cocoon,Sil,TRUE,Fibre,,,NA,NA,NA,NA,NA,NA,NA,NA,NA,,82,silkworms,2199,NA,5001,silk-worm cocoons suitable for reeling,,,,,,,,,,,,
d14,Plant,Plant,Fibre & Wood,FiWo,TRUE,Sisal,Sisal,Sis,TRUE,Fibre,Agave sisalana,,No,Yes,a17.1,a17.2,a17,Agave sisalana,,9.02.02.02,sisal,NA,NA,NA,NA,wfo-0000754811,no match,,,,,,,,,,,,,
d15,Plant,Plant,Fibre & Wood,FiWo,TRUE,Roselle or Hibiscus (Fibre),Hibiscus,Hibi,TRUE,Fibre,Hibiscus sp,,No,No,b27.2,b41.2,b40.2,Hibiscus sp.,Hibiscus cannabinus + Hibiscus sabdariffa + Hibiscus syriacus + Hibiscus tiliaceus + Hibiscus sabdariffa var. altissima + Hibiscus sabdariffa var. sabdariffa,9.02.01.02,kenaf,NA,NA,NA,NA,wfo-4000017873,no match,,,,,,,,,,,,,
l16,Plant,Plant,Fibre & Wood,FiWo,TRUE,Vetiver,Vetiver,Veti,TRUE,Fibre,Chrysopogon sp,"Can be Fodder, Fibre or Oil crop.",No,No,b27.2,b41.2,b40.2,Chrysopogon sp.,Chrysopogon aciculatus + Chrysopogon plumulosus + Chrysopogon orientalis + Chrysopogon aucheri,no match,no match,NA,NA,NA,NA,wfo-4000008234,no match,,,,,,,,,,,,,
l18.1,Plant,Plant,Fibre & Wood,FiWo,TRUE,Bamboo (Wood),Bamboo,Bamb,TRUE,Wood,Bambusa sp,,No,Yes,a17.1,a17.2,a17,Bambusa sp.,,no match,no match,NA,NA,NA,NA,wfo-4000004002,440921,"wood; bamboo (including unassembled strips and friezes for parquet flooring), continuously shaped along any edges, ends or faces, whether or not planed, sanded or end-jointed",,,,,,,,,,,,
l18.2,Plant,Plant,Fibre & Wood,FiWo,TRUE,Bamboo (Fibre),Bamboo,Bamb,TRUE,Fibre,Bambusa sp,,No,Yes,a17.1,a17.2,a17,Bambusa sp.,,no match,no match,NA,NA,NA,NA,wfo-4000004002,470630,pulp; of bamboo,,,,,,,,,,,,
r1.1,Plant,Plant,Fibre & Wood,FiWo,TRUE,Patula Pine,Patula Pine,Pat,TRUE,Wood,Pinus patula,,No,Yes,a17.1,a17.2,a17,NA,NA,,,NA,NA,NA,NA,wfo-0000481882,4403,"wood in the rough, whether or not stripped of bark or sapwood, or roughly squared",,,,,,,,,,,,
e1,Plant,Plant,Fruits,Fr,TRUE,Apple,Apple,App,TRUE,Fruit,Malus domestica,,No,Yes,a17.1,a17.2,a17,Malus domestica,,3.05.01,apple,NA,NA,NA,NA,wfo-0001008355,80810,"fruit, edible; apples, fresh",,,,,,,,,,,,
e2,Plant,Plant,Fruits,Fr,TRUE,Apricot,Apricot,Apr,TRUE,Fruit,Prunus armeniaca,,No,Yes,a17.1,a17.2,a17,Prunus armeniaca,,3.05.02,apricot,NA,NA,NA,NA,wfo-0000991689,80910,"fruit, edible; apricots, fresh",,,,,,,,,,,,
e3,Plant,Plant,Fruits,Fr,TRUE,Avocado,Avocado,Avo,TRUE,Fruit,Persea americana,,No,Yes,a17.1,a17.2,a17,Persea americana,,3.01.01,avocado,NA,NA,NA,NA,wfo-0000465160,80440,"fruit, edible; avocados, fresh or dried",,,,,,,,,,,,
e4,Plant,Plant,Fruits,Fr,TRUE,Banana (Ripe Sweet),Banana Sweet,Ban,TRUE,Fruit,Musa sp,,No,Yes,a17.1,a17.2,a17,Musa sp.,,3.01.02,banana,NA,NA,NA,NA,wfo-4000025011,80390,"fruit, edible; bananas, other than plantains, fresh or dried",,,,,,,,,,,,
b2,Plant,Plant,Fruits,Fr,TRUE,Blueberry,Blueberry,Blue,TRUE,Fruit,Vaccinium corymbosum,,No,Yes,a17.1,a17.2,a17,Vaccinium corymbosum,,3.04.06,blueberry,NA,NA,NA,NA,wfo-0000422953,81040,"fruit, edible; cranberries, bilberries and other fruits of the genus Vaccinium, fresh",,,,,,,,,,,,
e5,Plant,Plant,Fruits,Fr,TRUE,Cashew Apple,Cashew Apple,CaAp,TRUE,Fruit,Anacardium occidentale,,No,Yes,a17.1,a17.2,a17,Anacardium occidentale,,3.06.02,cashew nuts,NA,NA,NA,NA,wfo-0000533072,no match,,,,,,,,,,,,,
b3,Plant,Plant,Fruits,Fr,TRUE,Cherry,Cherry,Cher,TRUE,Fruit,Prunus avium;Prunus cerasus,,No,Yes,a17.1,a17.2,a17,Prunus sp.,Prunus avium + Prunus cerasus,3.05.03,cherry,NA,NA,NA,NA,wfo-0001005630-wfo-0001016331,80929,"fruit, edible; cherries, other than sour cherries (Prunus cerasus), fresh",,,,,,,,,,,,
b4,Plant,Plant,Fruits,Fr,TRUE,Cranberry,Cranberry,Cra,TRUE,Fruit,Vaccinium macrocarpum,,No,Yes,a17.1,a17.2,a17,Vaccinium macrocarpon,,3.04.07,cranberry,NA,NA,NA,NA,wfo-0000421932,81040,"fruit, edible; cranberries, bilberries and other fruits of the genus Vaccinium, fresh",,,,,,,,,,,,
l3,Plant,Plant,Fruits,Fr,TRUE,Coconut,Coconut,Coco,TRUE,Fruit,Cocos nucifera,,No,Yes,a17.1,a17.2,a17,Cocos nucifera,,4.04.01,coconut,NA,NA,NA,NA,wfo-0000903570,80112,"nuts, edible; coconuts, in the inner shell (endocarp)",,,,,,,,,,,,
b5,Plant,Plant,Fruits,Fr,TRUE,Currant,Currant,Cur,TRUE,Fruit,Ribes sp,,No,Yes,a17.1,a17.2,a17,Ribes sp.,,3.04.01,currants (all varieties),NA,NA,NA,NA,wfo-4000033210,81030,"fruit, edible; black, white or red currants and gooseberries, fresh",,,,,,,,,,,,
e40,Plant,Plant,Fruits,Fr,TRUE,Date,Date,Dat,TRUE,Fruit,Phoenix dactylifera,,No,Yes,a17.1,a17.2,a17,Phoenix dactylifera,,3.01.03,date,NA,NA,NA,NA,wfo-0000269752,80410,"fruit, edible; dates, fresh or dried",,,,,,,,,,,,
e6,Plant,Plant,Fruits,Fr,TRUE,Fig,Fig,Fig,TRUE,Fruit,Ficus sp,,No,Yes,a17.1,a17.2,a17,Ficus sp.,,3.01.05,fig,NA,NA,NA,NA,wfo-4000014727,80420,"fruit, edible; figs, fresh or dried",,,,,,,,,,,,
b6,Plant,Plant,Fruits,Fr,TRUE,Gooseberry,Gooseberry,Goo,TRUE,Fruit,Ribes grossularia,,No,Yes,a17.1,a17.2,a17,Ribes sp.,Ecocrop data for this specific species not available,3.04.02,gooseberry (all varieties),NA,NA,NA,NA,wfo-0000405193,81030,"fruit, edible; black, white or red currants and gooseberries, fresh",,,,,,,,,,,,
e10,Plant,Plant,Fruits,Fr,TRUE,Grapefruit,Grapefruit,GrFr,TRUE,Fruit,Citrus × paradisi,,No,Yes,a17.1,a17.2,a17,Citrus grandis.paradisi,Citrus grandis + Citrus paradisi,3.02.01,grapefruit,NA,NA,NA,NA,wfo-0000608138,80540,"fruit, edible; grapefruit, including pomelos, fresh or dried",,,,,,,,,,,,
e45,Plant,Plant,Fruits,Fr,TRUE,Pomelo,Pomelo,Pom,FALSE,Fruit,Citrus maxima,,No,Yes,a17.1,a17.2,a17,Citrus maxima,,,,,,,,,,,,,,,,,,,,,,
e11,Plant,Plant,Fruits,Fr,TRUE,Grape (Wine),Grape,Gra,TRUE,Fruit,Vitis sp,,No,Yes,a17.1,a17.2,a17,Vitis sp.,,3.03,grapes for wine,NA,NA,NA,NA,wfo-4000040377,80610,"fruit, edible; grapes, fresh",2204,"wine of fresh grapes, including fortified wines; grape must other than that of heading no. 2009",,,,,,,,,,
e44,Plant,Plant,Fruits,Fr,TRUE,Grape (Table),Grape,Gra,TRUE,Fruit,Vitis sp,,No,Yes,a17.1,a17.2,a17,Vitis sp.,,3.03,grapes for table use,NA,NA,NA,NA,wfo-4000040377,80610,"fruit, edible; grapes, fresh",,,,,,,,,,,,
e41,Plant,Plant,Fruits,Fr,TRUE,Guava,Guava,Gua,TRUE,Fruit,Psidium guajava,,No,Yes,a17.1,a17.2,a17,Psidium guajava,,3.01.06,guava,NA,NA,NA,NA,wfo-0000284421,80450,"fruit, edible; guavas, mangoes and mangosteens, fresh or dried",,,,,,,,,,,,
e12,Plant,Plant,Fruits,Fr,TRUE,Kiwifruit,Kiwifruit,Kiw,TRUE,Fruit,Actinidia sp,,No,Yes,a17.1,a17.2,a17,Actinidia sp.,,3.04.03,kiwi fruit,NA,NA,NA,NA,wfo-4000000499,81050,"fruit, edible; kiwifruit, fresh",,,,,,,,,,,,
e13,Plant,Plant,Fruits,Fr,TRUE,Lemon,Lemon,Lem,TRUE,Fruit,Citrus limon,,No,Yes,a17.1,a17.2,a17,Citrus limon,,3.02.02,"lemon-lime, sweet-lime, sour",NA,NA,NA,NA,wfo-0001133139-wfo-0000608056,80550,"fruit, edible; lemons (Citrus limon, Citrus limonum), limes (Citrus aurantifolia , Citrus latifolia), fresh or dried",,,,,,,,,,,,
e14,Plant,Plant,Fruits,Fr,TRUE,Mango,Mango,Mang,TRUE,Fruit,Mangifera indica,,No,Yes,a17.1,a17.2,a17,Mangifera indica,,3.01.06,mango,NA,NA,NA,NA,wfo-0000371248,80450,"fruit, edible; guavas, mangoes and mangosteens, fresh or dried",,,,,,,,,,,,
e42,Plant,Plant,Fruits,Fr,TRUE,Mangosteen,Mangosteen,Mangst,TRUE,Fruit,Garcinia mangostana,,No,Yes,a17.1,a17.2,a17,Garcinia mangostana,,3.01.06,mangosteen/mangostano,NA,NA,NA,NA,wfo-0000694452,80450,"fruit, edible; guavas, mangoes and mangosteens, fresh or dried",,,,,,,,,,,,
e31,Plant,Plant,Fruits,Fr,TRUE,Melon,Melon,Mel,TRUE,Fruit,Cucumis melo,"Includes honeydew, cantaloupe, muskmelon, etc.",No,No,b27.2,b41.2,b40.2,Cucumis melo,,2.05.02,melon (except watermelon),NA,NA,NA,NA,wfo-0000628914,80719,"fruit, edible; melons, other than watermelons, fresh",,,,,,,,,,,,
g6.1,Plant,Plant,Fruits,Fr,TRUE,Olive (Fruits),Olive,Oliv,TRUE,Fruit,Olea europaea,Fruits,No,Yes,a17.1,a17.2,a17,Olea europaea,,4.04.02,olive,NA,NA,NA,NA,wfo-0000817273,70992,"vegetables; olives, fresh or chilled",,,,,,,,,,,,
e17,Plant,Plant,Fruits,Fr,TRUE,Orange,Orange,Ora,TRUE,Fruit,Citrus sinensis,,No,Yes,a17.1,a17.2,a17,Citrus sinensis,,3.02.03,orange,NA,NA,NA,NA,wfo-0001249323,80510,"fruit, edible; oranges, fresh or dried",,,,,,,,,,,,
e18,Plant,Plant,Fruits,Fr,TRUE,Papaya or Pawpaw,Papaya,Pap,TRUE,Fruit,Carica papaya,,No,Yes,a17.1,a17.2,a17,Actinidia sp.,,3.01.07,papaya (pawpaw),NA,NA,NA,NA,wfo-0000588009,80720,"fruit, edible; papaws (papayas), fresh",,,,,,,,,,,,
e19,Plant,Plant,Fruits,Fr,TRUE,Peach & Nectarine,Peach & Nectarine,PeNe,TRUE,Fruit,Prunus persica,,No,Yes,a17.1,a17.2,a17,Prunus persica,,3.05.05,peach,NA,NA,NA,NA,wfo-0001005418,80930,"fruit, edible; peaches, including nectarines, fresh",,,,,,,,,,,,
e20,Plant,Plant,Fruits,Fr,TRUE,Pear,Pear,Pear,TRUE,Fruit,Pyrus sp,,No,Yes,a17.1,a17.2,a17,Pyrus sp.,Pyrus communis + Pyrus pyrifolia eco values,3.05.06,pear,NA,NA,NA,NA,wfo-4000032328,80830,"fruit, edible; pears, fresh",,,,,,,,,,,,
e21,Plant,Plant,Fruits,Fr,TRUE,Persimmon,Persimmon,Per,TRUE,Fruit,Diospyros sp,,No,Yes,a17.1,a17.2,a17,Diospyros kaki,,3.01.90,persimmon,NA,NA,NA,NA,wfo-4000011857,81070,"fruit, edible; persimmons, fresh",,,,,,,,,,,,
e22,Plant,Plant,Fruits,Fr,TRUE,Pineapple,Pineapple,Pin,TRUE,Fruit,Ananas comosus,,No,No,b27.2,b41.2,b40.2,Ananas comosus,,3.01.08,pineapple,NA,NA,NA,NA,wfo-0000339432,80430,"fruit, edible; pineapples, fresh or dried",,,,,,,,,,,,
e24,Plant,Plant,Fruits,Fr,TRUE,Plum,Plum,Plu,TRUE,Fruit,Prunus sp,,No,Yes,a17.1,a17.2,a17,Prunus sp.,,3.05.08,plum,NA,NA,NA,NA,wfo-4000031284,80940,"fruit, edible; plums and sloes, fresh",,,,,,,,,,,,
e32,Plant,Plant,Fruits,Fr,TRUE,Pomegranate,Pomegranate,Pom,FALSE,Fruit,Punica granatum,,No,Yes,a17.1,a17.2,a17,Punica granatum,,3.9,pomegrante,NA,NA,NA,NA,wfo-0000468843,no match,,,,,,,,,,,,,
e25,Plant,Plant,Fruits,Fr,TRUE,Quince,Quince,Qui,TRUE,Fruit,Cydonia oblonga,,No,Yes,a17.1,a17.2,a17,Cydonia oblonga,,3.05.06,quince,NA,NA,NA,NA,wfo-0001011708,80840,"fruit, edible; quinces, fresh",,,,,,,,,,,,
e33,Plant,Plant,Fruits,Fr,TRUE,Sapodilla or Nispero,Sapodilla,Sap,TRUE,Fruit,Manilkara zapota,,No,Yes,a17.1,a17.2,a17,Manilkara zapota,,3.9,sapodilla,NA,NA,NA,NA,wfo-0000235995,no match,,,,,,,,,,,,,
b8,Plant,Plant,Fruits,Fr,TRUE,Strawberry,Strawberry,Str,TRUE,Fruit,Fragaria sp,,No,No,b27.2,b41.2,b40.2,Fragaria x ananassa,,3.04.05,strawberry,NA,NA,NA,NA,wfo-4000014995,81010,"fruit, edible; strawberries, fresh",,,,,,,,,,,,
e43,Plant,Plant,Fruits,Fr,TRUE,Tamarind,Tamarind,Tam,TRUE,Fruit,Tamarindus indica,,Yes,Yes,a16.1,a16.2,a16,Tamarindus indica,,no match,no match,NA,NA,NA,NA,wfo-0000170926,no match,,,,,,,,,,,,,
e26,Plant,Plant,Fruits,Fr,TRUE,Tangerine & Mandarine,Tangerine & Mandarine,Tan,TRUE,Fruit,Citrus reticulata,,No,Yes,a17.1,a17.2,a17,Citrus reticulata,,3.02.04,tangarine,NA,NA,NA,NA,wfo-0000608241,80521,"fruit, edible; mandarins (including tangerines and satsumas), fresh or dried",,,,,,,,,,,,
e28,Plant,Plant,Fruits,Fr,TRUE,Watermelon,Watermelon,Wate,TRUE,Fruit,Citrullus lanatus,,No,No,b27.2,b41.2,b40.2,Citrullus lanatus,,2.05.01,watermelon,NA,NA,NA,NA,wfo-0000607858,80711,"fruit, edible; watermelons, fresh",,,,,,,,,,,,
e29,Plant,Plant,Fruits,Fr,TRUE,Passionfruit,Passionfruit,Pas,TRUE,Fruit,Passiflora edulis,,No,No,b27.2,b41.2,b40.2,Passiflora edulis sp.,,no match,no match,NA,NA,NA,NA,wfo-0000479905,no match,,,,,,,,,,,,,
e35,Plant,Plant,Fruits,Fr,TRUE,Jujube,Jujube,Juj,TRUE,Fruit,Ziziphus jujuba,,No,Yes,a17.1,a17.2,a17,Ziziphus sp.,,no match,no match,NA,NA,NA,NA,wfo-0000430303,no match,,,,,,,,,,,,,
f2,Plant,Plant,Nuts,Nu,TRUE,Almond,Almond,Alm,TRUE,Seed,Prunus dulcis,,No,Yes,a17.1,a17.2,a17,Prunus amygdalus,,3.06.01,almond,NA,NA,NA,NA,wfo-0001005398,80211,"nuts, edible; almonds, fresh or dried, in shell",,,,,,,,,,,,
f3,Plant,Plant,Nuts,Nu,TRUE,Areca or Betel Nut,Areca Nut,Are,TRUE,Seed,Areca catechu,,No,Yes,a17.1,a17.2,a17,Areca catechu,,3.06.08-9.90.02,areca (betel nut)-betel nut,NA,NA,NA,NA,wfo-0000262000,80280,"nuts, edible; areca nuts, fresh or dried, whether or not shelled or peeled",,,,,,,,,,,,
f4,Plant,Plant,Nuts,Nu,TRUE,Brazil Nuts,Brazil Nuts,BrNu,TRUE,Seed,Bertholletia excelsa,,No,Yes,a17.1,a17.2,a17,Bertholletia excelsa,,3.06.07,brazil nut,NA,NA,NA,NA,wfo-0000775013,80121,"nuts, edible; brazil nuts, fresh or dried, in shell",,,,,,,,,,,,
f5,Plant,Plant,Nuts,Nu,TRUE,Cashew Nut,Cashew Nut,CaNu,TRUE,Seed,Anacardium occidentale,,No,Yes,a17.1,a17.2,a17,Anacardium occidentale,,3.06.02,cashew nuts,NA,NA,NA,NA,wfo-0000533072,80131,"nuts, edible; cashew nuts, fresh or dried, in shell",,,,,,,,,,,,
f13,Plant,Plant,Nuts,Nu,TRUE,Pistachio Nut,Pistachio Nut,Pis,TRUE,Seed,Pistacia vera,,No,Yes,a17.1,a17.2,a17,Pistacia vera,,3.06.05,pistachio nut,NA,NA,NA,NA,wfo-0000393766,80251,"nuts, edible; pistachios, fresh or dried, in shell",,,,,,,,,,,,
f6,Plant,Plant,Nuts,Nu,TRUE,Chestnut,Chestnut,Che,TRUE,Seed,Castanea sp,,No,Yes,a17.1,a17.2,a17,Castanea sp.,,3.06.03,chestnut,NA,NA,NA,NA,wfo-4000006925,80241,"nuts, edible; chestnuts (Castanea spp.), fresh or dried, in shell",,,,,,,,,,,,
f7,Plant,Plant,Nuts,Nu,TRUE,Hazelnut,Hazelnut,Haz,TRUE,Seed,Corylus avellana,,No,Yes,a17.1,a17.2,a17,Corylus avellana,,3.06.04,filbert (hazelnut),NA,NA,NA,NA,wfo-0000925259,80221,"nuts, edible; hazelnuts or filberts (Corylus spp.), fresh or dried, in shell",,,,,,,,,,,,
f8,Plant,Plant,Nuts,Nu,TRUE,Shea Nut,Shea Nut,She,TRUE,Seed,Vitellaria paradoxa,,No,Yes,a17.1,a17.2,a17,Vitellaria paradoxa,,4.03.09,shea tree (shea butter or karite nut),NA,NA,NA,NA,wfo-0000332885,no match,,,,,,,,,,,,,
f9,Plant,Plant,Nuts,Nu,TRUE,Kola Nut,Kola Nut,Kol,TRUE,Seed,Cola sp,,No,Yes,a17.1,a17.2,a17,Cola sp.,Cola acuminate + Cola nitida eco averages,3.06.09,cola nut (all varieties),NA,NA,NA,NA,wfo-4000008876,80270,"nuts, edible; kola nuts (Cola spp.), fresh or dried, whether or not shelled or peeled",,,,,,,,,,,,
f18,Plant,Plant,Nuts,Nu,TRUE,Walnut,Walnut,Wal,TRUE,Seed,Juglans sp,,No,Yes,a17.1,a17.2,a17,Juglans sp.,Juglans regia + Juglans hindsii + Juglans nigra + Juglans sieboldiana eco averages,3.06.06,walnut,NA,NA,NA,NA,wfo-4000019653,80231,"nuts, edible; walnuts, fresh or dried, in shell",,,,,,,,,,,,
g4,Plant,Plant,Oilseeds and Oils,OiSe,TRUE,Palm Oil,Palm Oil,PaOi,TRUE,Oil,Elaeis guineensis,,No,Yes,a17.1,a17.2,a17,Elaeis guineensis,,4.04.03,"palm, oil",NA,NA,NA,NA,wfo-0000947985,1511,"palm oil and its fractions; whether or not refined, but not chemically modified",,,,,,,,,,,,
g6,Plant,Plant,Oilseeds and Oils,OiSe,TRUE,Olive,Olive,Oliv,TRUE,Unspecified,Olea europaea,,No,Yes,a17.1,a17.2,a17,Olea europaea,,4.04.02,olive,NA,NA,NA,NA,wfo-0000817273,1509,"olive oil and its fractions; whether or not refined, but not chemically modified",,,,,,,,,,,,
g6.2,Plant,Plant,Oilseeds and Oils,OiSe,TRUE,Olive (Oil),Olive,Oliv,TRUE,Oil,Olea europaea,,No,Yes,a17.1,a17.2,a17,Olea europaea,,4.04.02,olive,NA,NA,NA,NA,wfo-0000817273,1509,"olive oil and its fractions; whether or not refined, but not chemically modified",,,,,,,,,,,,
g7,Plant,Plant,Oilseeds and Oils,OiSe,TRUE,Palm Kernel,Palm Oil,PaOi,TRUE,Seed,Elaeis guineensis,,No,Yes,a17.1,a17.2,a17,Elaeis guineensis,,4.04.03,"palm, kernel oil",NA,NA,NA,NA,wfo-0000947985,120710,"oil seeds; palm nuts and kernels, whether or not broken",,,,,,,,,,,,
g8,Plant,Plant,Oilseeds and Oils,OiSe,TRUE,Canola or Rape (Seed),Canola,Can,TRUE,Seed,Brassica napus,,No,No,b27.2,b41.2,b40.2,Brassica napus,,4.03.05,colza (rapeseed),NA,NA,NA,NA,wfo-0000571271-wfo-0000571186,120590,"oil seeds; rape or colza seeds, other than low erucic, whether or not broken",,,,,,,,,,,,
g8.1,Plant,Plant,Oilseeds and Oils,OiSe,TRUE,Canola or Rape (Oil),Canola,Can,TRUE,Oil,Brassica napus,,No,No,b27.2,b41.2,b40.2,Brassica napus,,4.03.05,colza (rapeseed),NA,NA,NA,NA,wfo-0000571271-wfo-0000571186,151411,"vegetable oils; low erucic acid rape or colza oil and its fractions, crude",,,,,,,,,,,,
g9,Plant,Plant,Oilseeds and Oils,OiSe,TRUE,Sunflower,Sunflower,Sunf,TRUE,Unspecified,Helianthus annuus,Only used for outcomes reporting sunflower yield in terms of seeds and/or biomass.,No,No,b27.2,b41.2,b40.2,Helianthus annuus,,4.03.08,sunflower for oil seed,NA,NA,NA,NA,wfo-0000088131,120600,"oil seeds; sunflower seeds, whether or not broken",,,,,,,,,,,,
g9.1,Plant,Plant,Oilseeds and Oils,OiSe,TRUE,Sunflower (Seed),Sunflower,Sunf,TRUE,Seed,Helianthus annuus,Only used for outcomes reporting sunflower yield in terms of seeds and/or biomass.,No,No,b27.2,b41.2,b40.2,Helianthus annuus,,4.03.08,sunflower for oil seed,NA,NA,NA,NA,wfo-0000088131,120600,"oil seeds; sunflower seeds, whether or not broken",,,,,,,,,,,,
g9.2,Plant,Plant,Oilseeds and Oils,OiSe,TRUE,Sunflower (Oil),Sunflower,Sunf,TRUE,Oil,Helianthus annuus,Only used for productivity outcomes reporting sunflower oil .,No,No,b27.2,b41.2,b40.2,Helianthus annuus,,4.03.08,sunflower for oil seed,NA,NA,NA,NA,wfo-0000088131,151211,"vegetable oils; sunflower seed or safflower oil and their fractions, crude, not chemically modified",,,,,,,,,,,,
f15,Plant,Plant,Oilseeds and Oils,OiSe,TRUE,Safflower Seed,Safflower,Saf,TRUE,Seed,Carthamus tinctorius,,No,No,b27.2,b41.2,b40.2,Carthamus tinctorius,,4.03.06,safflower,NA,NA,NA,NA,wfo-0000024004,120760,"oil seeds; safflower (Carthamus tinctorius) seeds, whether or not broken",,,,,,,,,,,,
f16,Plant,Plant,Oilseeds and Oils,OiSe,TRUE,Sesame Seed,Sesame,Ses,TRUE,Seed,Sesamum indicum,,No,No,b27.2,b41.2,b40.2,Sesamum indicum,,4.03.07,sesame,NA,NA,NA,NA,wfo-0000497088,120740,"oil seeds; sesamum seeds, whether or not broken",,,,,,,,,,,,
g12,Plant,Plant,Oilseeds and Oils,OiSe,TRUE,Niger Seed,Niger,Nig,TRUE,Seed,Guizotia abyssinica,,No,No,b27.2,b41.2,b40.2,Guizotia abyssinica,,4.03.04,niger seed,NA,NA,NA,NA,wfo-0000095153,no match,,,,,,,,,,,,,
g2,Plant,Plant,Oilseeds and Oils,OiSe,TRUE,Castor Seed,Castor,Cast,TRUE,Seed,Ricinus communis,,No,Yes,a17.1,a17.2,a17,Ricinus communis,,4.03.01,castor bean,NA,NA,NA,NA,wfo-0000297077,120730,"oil seeds; castor oil seeds, whether or not broken",,,,,,,,,,,,
g3,Plant,Plant,Oilseeds and Oils,OiSe,TRUE,Jojoba,Jojoba,Joj,TRUE,Seed,Simmondsia chinensis,,No,Yes,a17.1,a17.2,a17,Simmondsia chinensis,,4.03.11,jojoba,NA,NA,NA,NA,wfo-0001219023,no match,,,,,,,,,,,,,
f10,Plant,Plant,Oilseeds and Oils,OiSe,TRUE,Linseed,Linseed,Lin,TRUE,Seed,Linum sp,,No,No,b27.2,b41.2,b40.2,Linum usitatissimum,,4.03.02,linseed (flax for oil seed),NA,NA,NA,NA,wfo-4000021903,120400,"oil seeds; linseed, whether or not broken",,,,,,,,,,,,
f17,Plant,Plant,Oilseeds and Oils,OiSe,TRUE,Tung Seed,Tung,Tun,TRUE,Seed,Vernicia fordii,,No,Yes,a17.1,a17.2,a17,Aleurites fordii,Vernicia fordii is a synonym for Aleurites fordii,4.03.10,tung tree,NA,NA,NA,NA,wfo-0000332485,no match,,,,,,,,,,,,,
g10,Plant,Plant,Oilseeds and Oils,OiSe,TRUE,Tallowtree Seed,Tallowtree,Tall,TRUE,Seed,Triadica sebifera,"Used for soap, candles and biodiesel.",No,Yes,a17.1,a17.2,a17,Sapium sebiferum,Triadica sebifera is a synonym for Sapium sebiferum,4.03.13,tallow tree,NA,NA,NA,NA,wfo-0000327067,no match,,,,,,,,,,,,,
g11.1,Plant,Plant,Oilseeds and Oils,OiSe,TRUE,Jatropha (Seed),Jatropha,Jat,TRUE,Seed,Jatropha curcas,,No,Yes,a17.1,a17.2,a17,Jatropha curcas,,no match,no match,NA,NA,NA,NA,wfo-0000219580,no match,,,,,,,,,,,,,
g11.2,Plant,Plant,Oilseeds and Oils,OiSe,TRUE,Jatropha (Oil),Jatropha,Jat,TRUE,Oil,Jatropha curcas,,No,Yes,a17.1,a17.2,a17,Jatropha curcas,,no match,no match,NA,NA,NA,NA,wfo-0000219580,no match,,,,,,,,,,,,,
k35.1,Plant,Plant,Oilseeds and Oils,OiSe,TRUE,Calabash or Bottle Gourd (Seed),Calabash,Cala,TRUE,Seed,Lagenaria siceraria,,No,No,b27.2,b41.2,b40.2,Lagenaria siceraria,,no match,no match,NA,NA,NA,NA,wfo-0000361549,no match,,,,,,,,,,,,,
h9.2,Plant,Plant,Oilseeds and Oils,OiSe,TRUE,Groundnut or Peanut (Oil),Groundnut,Grou,TRUE,Oil,Arachis hypogaea,,Yes,No,b27.1,b41.1,b40.1,Arachis hypogaea,Arachis hypogaea,,,NA,NA,NA,NA,wfo-4000002816,no match,,,,,,,,,,,,,
g13,Plant,Plant,Oilseeds and Oils,OiSe,TRUE,Sunn Hemp (Seed),Sunn Hemp,SuHe,TRUE,Seed,Crotalaria juncea,,Yes,Yes,a16.1,a16.2,a16,Crotalaria juncea,,no match,no match,NA,NA,NA,NA,wfo-0000210925,no match,,,,,,,,,,,,,
d5.1,Plant,Plant,Oilseeds and Oils,OiSe,TRUE,Cotton (Seed),Cotton,Cott,TRUE,Seed,Gossypium sp,,No,No,b27.2,b41.2,b40.2,Gossypium sp.,Gossypium barbadense + Gossypium hirsutum + Gossypium arboreum + Gossypium herbaceum,9.02.01.01,cottonseed (all varieties),NA,NA,NA,NA,wfo-4000016081,120721,"oil seeds; cotton seeds, seed, whether or not broken",,,,,,,,,,,,
h3,Plant,Plant,Legumes,Le,TRUE,Mung Bean or Green Gram,Mung Bean,Mun,TRUE,Seed,Vigna radiata,,Yes,No,b27.1,b41.1,b40.1,Vigna radiata,,no match,no match,NA,NA,NA,NA,wfo-0000183493,71331,"vegetables, leguminous; beans of the species Vigna mungo (l.) hepper or Vigna radiata (l.) wilczek, shelled, whether or not skinned or split, dried",,,,,,,,,,,,
h4,Plant,Plant,Legumes,Le,TRUE,Peas,Peas,Pea,TRUE,Seed,Pisum sativum,,Yes,No,b27.1,b41.1,b40.1,Pisum sativum,,7.07,"pea, edible dry, for grain-pea, harvested green",NA,NA,NA,NA,wfo-0000212718,70810,"vegetables, leguminous; peas (Pisum sativum), shelled or unshelled, fresh or chilled",,,,,,,,,,,,
h5,Plant,Plant,Legumes,Le,TRUE,Bambara Nut,Bambara Nut,Bam,TRUE,Seed,Vigna subterranea,,Yes,No,b27.1,b41.1,b40.1,Vigna subterranea,,7.09,bambara bean,NA,NA,NA,NA,wfo-0000189255,71334,"vegetables, leguminous; bambara beans (Vigna subterranea or Voandzeia subterranea), shelled, whether or not skinned or split, dried",,,,,,,,,,,,
h6,Plant,Plant,Legumes,Le,TRUE,Broad or Fava Bean,Fava Bean,Fav,TRUE,Seed,Vicia faba,,Yes,No,b27.1,b41.1,b40.1,Vicia faba,,7.02,"broad bean, dry-broad bean, harvested green",NA,NA,NA,NA,wfo-0000212739,71350,"vegetables, leguminous; broad beans (Vicia faba var. major) and horse beans (Vicia faba var. equina and Vicia faba var. minor), shelled, whether or not skinned or split, dried",,,,,,,,,,,,
h7,Plant,Plant,Legumes,Le,TRUE,Chickpea,Chickpea,Chic,TRUE,Seed,Cicer arietinum,,Yes,No,b27.1,b41.1,b40.1,Cicer arietinum,,7.03,chickpea (gram pea),NA,NA,NA,NA,wfo-0000196617,71320,"vegetables, leguminous; chickpeas (garbanzos), shelled, whether or not skinned or split, dried",,,,,,,,,,,,
h8,Plant,Plant,Legumes,Le,TRUE,Cowpea,Cowpea,CoPe,TRUE,Seed,Vigna unguiculata,,Yes,No,b27.1,b41.1,b40.1,Vigna unguiculata sp.,Vigna unguiculate + Vigna unguiculata ssp. Dekindtiana + Vigna unguiculata ssp. Sesquipedalis + Vigna unguiculata ssp. Unguiculate + Vigna unguiculata ssp. Stenophylla + Vigna unguiculata ssp. Pubescens + Vigna unguiculata ssp. biflora,7.04,"cowpea, for grain-cowpea, harvested green",NA,NA,NA,NA,wfo-0000189386,71335,"vegetables, leguminous; cow peas (Vigna unguiculata), shelled, whether or not skinned or split, dried",,,,,,,,,,,,
h8.1,Plant,Plant,Legumes,Le,TRUE,Cowpea,Cowpea,CoPe,TRUE,Pod,Vigna unguiculata,,Yes,No,b27.1,b41.1,b40.1,Vigna unguiculata sp.,Vigna unguiculate + Vigna unguiculata ssp. Dekindtiana + Vigna unguiculata ssp. Sesquipedalis + Vigna unguiculata ssp. Unguiculate + Vigna unguiculata ssp. Stenophylla + Vigna unguiculata ssp. Pubescens + Vigna unguiculata ssp. biflora,7.04,"cowpea, for grain-cowpea, harvested green",NA,NA,NA,NA,wfo-0000189386,71335,"vegetables, leguminous; cow peas (Vigna unguiculata), shelled, whether or not skinned or split, dried",,,,,,,,,,,,
h9,Plant,Plant,Legumes,Le,TRUE,Groundnut or Peanut,Groundnut,Grou,TRUE,Seed,Arachis hypogaea,,Yes,No,b27.1,b41.1,b40.1,Arachis hypogaea,Arachis hypogaea,4.02,groundnut (peanut),NA,NA,NA,NA,wfo-4000002816,120230,"ground-nuts; seed, not roasted or otherwise cooked, whether or not shelled or broken",,,,,,,,,,,,
h9.1,Plant,Plant,Legumes,Le,TRUE,Groundnut or Peanut (Pod),Groundnut,Grou,TRUE,Pod,Arachis hypogaea,,Yes,No,b27.1,b41.1,b40.1,Arachis hypogaea,Arachis hypogaea,4.02,groundnut (peanut),NA,NA,NA,NA,wfo-4000002816,120230,"ground-nuts; seed, not roasted or otherwise cooked, whether or not shelled or broken",,,,,,,,,,,,
h10,Plant,Plant,Legumes,Le,TRUE,Lentil,Lentil,Len,TRUE,Seed,Lens culinaris,,Yes,No,b27.1,b41.1,b40.1,Lens culinaris,,7.05,lentil,NA,NA,NA,NA,wfo-0000212711,71340,"vegetables, leguminous; lentils, shelled, whether or not skinned or split, dried",,,,,,,,,,,,
h11,Plant,Plant,Legumes,Le,TRUE,Lupin,Lupin,Lup,TRUE,Seed,Lupinus sp,,Yes,No,b27.1,b41.1,b40.1,Lupinus sp.,Lupinus albus + Lupinus cosentinii + Lupinus luteus + Lupinus mutabilis + Lupinus pilosus + Lupinus atlanticus,7.06,lupine (all varieties),NA,NA,NA,NA,wfo-4000022442,no match,,,,,,,,,,,,,
h12,Plant,Plant,Legumes,Le,TRUE,Pigeon Pea,Pigeon Pea,PiPe,TRUE,Seed,Cajanus cajan,,Yes,No,b27.1,b41.1,b40.1,Cajanus cajan,,7.08,pigeon pea,NA,NA,NA,NA,wfo-0000179103,71360,"vegetables, leguminous; pigeon peas (Cajanus cajan), shelled, whether or not skinned or split, dried",,,,,,,,,,,,
h13,Plant,Plant,Legumes,Le,TRUE,Soybean,Soybean,Soy,TRUE,Seed,Glycine max,,Yes,No,b27.1,b41.1,b40.1,Glycine max,,4.01,soybean,NA,NA,NA,NA,wfo-0000181462,120110,"soya beans; seed, whether or not broken",,,,,,,,,,,,
h14,Plant,Plant,Legumes,Le,TRUE,Common Bean,Common Bean,CoBe,TRUE,Seed,Phaseolus vulgaris,Use for dried beans.,Yes,No,b27.1,b41.1,b40.1,Phaseolus vulgaris,,no match,no match,NA,NA,NA,NA,wfo-0000183282,70820,"vegetables, leguminous; beans (Vigna spp., Phaseolus spp.), shelled or unshelled, fresh or chilled",,,,,,,,,,,,
h15,Plant,Plant,Legumes,Le,TRUE,French Bean,Common Bean,CoBe,TRUE,Pod,Phaseolus vulgaris,"Eaten as a green vegetable, string beans, field beans, green beans, haricot beans, etc.",Yes,No,b27.1,b41.1,b40.1,Phaseolus vulgaris,,no match,no match,NA,NA,NA,NA,wfo-0000183282,70820,"vegetables, leguminous; beans (Vigna spp., Phaseolus spp.), shelled or unshelled, fresh or chilled",,,,,,,,,,,,
h17,Plant,Plant,Legumes,Le,TRUE,Long Bean,Long Bean,Lon,TRUE,Seed,Vigna unguiculata,"Eaten as a green vegetable, pods.",Yes,No,b27.1,b41.1,b40.1,Vigna unguiculata sp.,,no match,no match,NA,NA,NA,NA,wfo-0000189386,70820,"vegetables, leguminous; beans (Vigna spp., Phaseolus spp.), shelled or unshelled, fresh or chilled",,,,,,,,,,,,
h18,Plant,Plant,Legumes,Le,TRUE,Rice Bean,Rice Bean,Ric,TRUE,Seed,Vigna umbellata,,Yes,No,b27.1,b41.1,b40.1,Vigna umbellata,,no match,no match,NA,NA,NA,NA,wfo-0000189344,70820,"vegetables, leguminous; beans (Vigna spp., Phaseolus spp.), shelled or unshelled, fresh or chilled",,,,,,,,,,,,
h19,Plant,Plant,Legumes,Le,TRUE,Horsegram,Horsegram,Hor,TRUE,Seed,Dolichos uniflorus,Dolichos uniflorus identified as macrotyloma.,Yes,No,b27.1,b41.1,b40.1,Macrotyloma uniflorum,,no match,no match,NA,NA,NA,NA,wfo-0000182309,no match,,,,,,,,,,,,,
h21,Plant,Plant,Legumes,Le,TRUE,Black Gram,Black Gram,Bla,TRUE,Seed,Vigna mungo,,Yes,No,b27.1,b41.1,b40.1,Vigna mungo,,no match,no match,NA,NA,NA,NA,wfo-0000188854,71331,"vegetables, leguminous; beans of the species Vigna mungo (l.) hepper or Vigna radiata (l.) wilczek, shelled, whether or not skinned or split, dried",,,,,,,,,,,,
h22,Plant,Plant,Legumes,Le,TRUE,Lablab,Lablab,Lab,TRUE,Seed,Lablab purpureus,"Only when used as a food/agricultural product, not as a green manure.#",Yes,No,b27.1,b41.1,b40.1,Lablab purpureus,,no match,no match,NA,NA,NA,NA,wfo-0000181603,no match,,,,,,,,,,,,,
h23,Plant,Plant,Legumes,Le,TRUE,"Velvet Bean, Mucuna",Velvet Bean,Vel,TRUE,Seed,Mucuna pruriens,"Only when used as a food/agricultural product, not as a green manure. Eco-crop values average for Mucuna pruriens var utilis + Mucuna pruriens",Yes,No,b27.1,b41.1,b40.1,Mucuna pruriens sp.,,no match,no match,NA,NA,NA,NA,wfo-0000182545,no match,,,,,,,,,,,,,
h24,Plant,Plant,Legumes,Le,TRUE,African Yam Bean,African Yam Bean,Afr,TRUE,Seed,Sphenostylis stenocarpa,,Yes,No,b27.1,b41.1,b40.1,Sphenostylis stenocarpa,,no match,no match,NA,NA,NA,NA,wfo-0000183997,no match,,,,,,,,,,,,,
h25,Plant,Plant,Legumes,Le,TRUE,"Lima, Butter, Sieva or Madagascar Bean",Butter Bean,But,TRUE,Seed,Phaseolus lunatus,,Yes,No,b27.1,b41.1,b40.1,Phaseolus lunatus,,no match,no match,NA,NA,NA,NA,wfo-0000183263,70820,"vegetables, leguminous; beans (Vigna spp., Phaseolus spp.), shelled or unshelled, fresh or chilled",,,,,,,,,,,,
h27,Plant,Plant,Legumes,Le,TRUE,Jack Bean,Jack Bean,Jac,TRUE,Seed,Canavalia ensiformis,,Yes,No,b27.1,b41.1,b40.1,Canavalia ensiformis,,no match,no match,NA,NA,NA,NA,wfo-0000189815,no match,,,,,,,,,,,,,
h28,Plant,Plant,Legumes,Le,TRUE,"Grass Pea, Indian Pea, Blue Sweet Pea, Chickling Pea, White Pea, White Vetch",Indian Pea,Ind,TRUE,Seed,Lathyrus sativus,,Yes,No,b27.1,b41.1,b40.1,Lathyrus sativus,,no match,no match,NA,NA,NA,NA,wfo-0000212703,no match,,,,,,,,,,,,,
h29,Plant,Plant,Legumes,Le,TRUE,Unspecified Legume,Unspecified Legume,UnLe,TRUE,Seed,NA,,Yes,No,b27.1,b41.1,b40.1,NA,NA,no match,no match,NA,NA,NA,NA,NA,NA,NA,NA,NA,,,,,,,,,,
e23,Plant,Plant,Starchy Staples,StSt,TRUE,Plantains and Cooking Banana,Cooking Banana,CoBa,TRUE,Fruit,Musa sp,,No,No,b27.2,b41.2,b40.2,Musa sp.,,3.01.03,plantain,NA,NA,NA,NA,wfo-4000025011,80310,"fruit, edible; plantains, fresh or dried",,,,,,,,,,,,
i3,Plant,Plant,Starchy Staples,StSt,TRUE,Cassava or Yuca,Cassava,Cass,TRUE,Tuber/Root/Bulb,Manihot esculenta,,No,No,b27.2,b41.2,b40.2,Manihot esculenta,,5.03,cassava (manioc),NA,NA,NA,NA,wfo-0000235507,71410,"vegetable roots and tubers; manioc (cassava), with high starch or inulin content, fresh, chilled, frozen or dried, whether or not sliced or in the form of pellets",,,,,,,,,,,,
i7,Plant,Plant,Starchy Staples,StSt,TRUE,Potato,Potato,Pot,TRUE,Tuber/Root/Bulb,Solanum tuberosum,,No,No,b27.2,b41.2,b40.2,Solanum tuberosum,,5.01,potato,NA,NA,NA,NA,wfo-0001031908,70190,"vegetables; potatoes (other than seed), fresh or chilled",,,,,,,,,,,,
i9,Plant,Plant,Starchy Staples,StSt,TRUE,Sweet Potato,Sweet Potato,SwPo,TRUE,Tuber/Root/Bulb,Ipomoea batatas,,No,No,b27.2,b41.2,b40.2,Ipomoea batatas,,5.02,"potato, sweet",NA,NA,NA,NA,wfo-0001297246,71420,"vegetable roots and tubers; sweet potatoes, with high starch or inulin content, fresh, chilled, frozen or dried, whether or not sliced or in the form of pellets",,,,,,,,,,,,
i10,Plant,Plant,Starchy Staples,StSt,TRUE,Taro or Old Cocoyam or Arrowroot,Taro,Tar,TRUE,Tuber/Root/Bulb,Colocasia esculenta,,No,No,b27.2,b41.2,b40.2,Colocasia esculenta,,5.9,arrowroot,NA,NA,NA,NA,wfo-0000917419,71440,"vegetable roots and tubers; taro (Colocasia spp.) with high starch or inulin content, fresh, chilled, frozen or dried, whether or not sliced or in the form of pellets",,,,,,,,,,,,
i11,Plant,Plant,Starchy Staples,StSt,TRUE,Yam,Yam,Yam,TRUE,Tuber/Root/Bulb,Dioscorea sp,,No,No,b27.2,b41.2,b40.2,Dioscorea sp.,Dioscorea alata + Dioscorea bulbifera + Dioscorea esculenta + Dioscorea rotundata + Dioscorea cayenensis + Dioscorea composita + Dioscorea dumetorum + Dioscorea floribunda + Dioscorea opposite + Dioscorea trifida,5.04,yam,NA,NA,NA,NA,wfo-4000011843,71430,"vegetable roots and tubers; yams (Dioscorea spp.) with high starch or inulin content, fresh, chilled, frozen or dried, whether or not sliced or in the form of pellets",,,,,,,,,,,,
i14,Plant,Plant,Starchy Staples,StSt,TRUE,Yautia or New Cocoyam,New Cocoyam,New,TRUE,Tuber/Root/Bulb,Xanthosoma sp,,No,No,b27.2,b41.2,b40.2,Xanthosoma sp.,Xanthosoma sagittifolium + Xanthosoma brasiliense,5.06,yautia,NA,NA,NA,NA,wfo-4000040897,71450,"vegetable roots and tubers; yautia (Xanthosoma spp.) with high starch or inulin content, fresh, chilled, frozen or dried, whether or not sliced or in the form of pellets",,,,,,,,,,,,
j2,Plant,Plant,Spices,Sp,TRUE,Anise,Anise,Ani,TRUE,Fruit,Pimpinella anisum,,No,No,b27.2,b41.2,b40.2,Pimpinella anisum,,6.02.01.02,anise seeds,NA,NA,NA,NA,wfo-0000390925,90961,"spices; seeds of anise, badian, caraway or fennel; juniper berries, neither crushed nor ground",,,,,,,,,,,,
j3,Plant,Plant,Spices,Sp,TRUE,Cardamom,Cardamom,Card,TRUE,Seed,Elettaria cardamomum,,No,No,b27.2,b41.2,b40.2,Elettaria cardamomum,,6.02.02.02,cardamom,NA,NA,NA,NA,wfo-4000013185-wfo-4000001644,90831,"spices; cardamoms, neither crushed nor ground",,,,,,,,,,,,
j5,Plant,Plant,Spices,Sp,TRUE,Cinnamon,Cinnamon,Cin,TRUE,Bark,Cinnamomum sp,,No,Yes,a17.1,a17.2,a17,Cinnamomum sp.,Cinnamomum camphora + Cinnamomum verum + Cinnamomum burmannii + Cinnamomum cassia + Cinnamomum loureirii,6.02.02.03,cinnamon,NA,NA,NA,NA,wfo-4000008342,90611,"spices; cinnamon (Cinnamomum zeylanicum blume), neither crushed nor ground",,,,,,,,,,,,
j6,Plant,Plant,Spices,Sp,TRUE,Cloves,Cloves,Clo,TRUE,Flower,Syzygium aromaticum,,No,No,b27.2,b41.2,b40.2,Eugenia aromatica,,6.02.02.04,clove,NA,NA,NA,NA,wfo-0000318267,90710,"spices; cloves (whole fruit, cloves and stems), neither crushed nor ground",,,,,,,,,,,,
j12,Plant,Plant,Spices,Sp,TRUE,Coriander (Seed),Coriander,Cor,TRUE,Seed,Coriandrum sativum,,No,No,b27.2,b41.2,b40.2,Coriandrum sativum,,no match,no match,NA,NA,NA,NA,wfo-0000621274,90921,"spices; coriander seeds, neither crushed nor ground",,,,,,,,,,,,
j11,Plant,Plant,Spices,Sp,TRUE,Cumin,Cumin,Cum,TRUE,Seed,Cuminum cyminum,,No,No,b27.2,b41.2,b40.2,Cuminum cyminum,,no match,no match,NA,NA,NA,NA,wfo-0000629277,90931,"spices; cumin seeds, neither crushed nor ground",,,,,,,,,,,,
i6,Plant,Plant,Spices,Sp,TRUE,Ginger,Ginger,Gin,TRUE,Root,Zingiber officinale,,No,No,b27.2,b41.2,b40.2,Zingiber officinale,,6.02.02.05,ginger,NA,NA,NA,NA,wfo-0000617397,91011,"spices; ginger, neither crushed nor ground",,,,,,,,,,,,
j7,Plant,Plant,Spices,Sp,TRUE,Nutmeg & Mace,Nutmeg & Mace,Nut,TRUE,Seed&Fruit,Myristica fragrans,,No,No,b27.2,b41.2,b40.2,Myristica fragrans,,6.02.02.02,nutmeg-mace,NA,NA,NA,NA,wfo-0000447317,090811-090821,"spices; nutmeg, neither crushed nor ground-spices; mace, neither crushed nor ground",,,,,,,,,,,,
j8,Plant,Plant,Spices,Sp,TRUE,Pepper (Seed),Pepper,Pep,TRUE,Seed,Piper sp,,No,No,b27.2,b41.2,b40.2,Piper sp.,Piper betle + Piper methysticum + Piper nigrum + Piper longum,6.02.02.01,"pepper, black",NA,NA,NA,NA,wfo-4000029808,90411,"spices; pepper (of the genus Piper), neither crushed nor ground",,,,,,,,,,,,
j8.1,Plant,Plant,Spices,Sp,TRUE,Pepper (Fruit),Pepper,Pep,TRUE,Fruit,Piper sp,,No,No,b27.2,b41.2,b40.2,Piper sp.,Piper betle + Piper methysticum + Piper nigrum + Piper longum,6.02.02.01,"pepper, black",NA,NA,NA,NA,wfo-4000029808,90411,"spices; pepper (of the genus Piper), neither crushed nor ground",,,,,,,,,,,,
j9,Plant,Plant,Spices,Sp,TRUE,Mint,Mint,Min,TRUE,Leaf,Mentha sp,,No,No,b27.2,b41.2,b40.2,Mentha sp.,Mentha arvensis var. piperascens + Mentha piperita + Mentha longifolia + Mentha pulegium + Mentha picata var. crispa + Mentha rotundifolia,9.03.01.01,mint (all varieties),NA,NA,NA,NA,wfo-4000023748,no match,,,,,,,,,,,,,
j13,Plant,Plant,Spices,Sp,TRUE,Star Anise or Badium,Star Anise,Sta,TRUE,Fruit,Illicium verum,,No,Yes,a17.1,a17.2,a17,NA,No Match,6.02.01.02,anise seed,NA,NA,NA,NA,wfo-0000730107,90961,"spices; seeds of anise, badian, caraway or fennel; juniper berries, neither crushed nor ground",,,,,,,,,,,,
i13,Plant,Plant,Spices,Sp,TRUE,Turmeric,Turmeric,Turm,TRUE,Tuber/Root/Bulb,Curcuma longa,,No,Yes,a17.1,a17.2,a17,Curcuma longa,,6.02.02.90,turmeric,NA,NA,NA,NA,wfo-0000365771,91030,spices; turmeric (Curcuma),,,,,,,,,,,,
j10,Plant,Plant,Spices,Sp,TRUE,Vanilla,Vanilla,Van,TRUE,Fruit,Vanilla sp,,No,No,b27.2,b41.2,b40.2,Vanilla planifolia,,6.02.02.06,vanilla,NA,NA,NA,NA,wfo-4000040017,90510,"spices; vanilla, neither crushed nor ground",,,,,,,,,,,,
j14.2,Plant,Plant,Spices,Sp,TRUE,Dill (Oil),Dill,Dil,TRUE,Oil,Anethum graveolens,,No,No,b27.2,b41.2,b40.2,Anethum graveolens,,6.02.02.90,dill and dill seed,NA,NA,NA,NA,wfo-0000536042,no match,,,,,,,,,,,,,
j14.1,Plant,Plant,Spices,Sp,TRUE,Dill (Leaf),Dill,Dil,TRUE,Leaf,Anethum graveolens,,No,No,b27.2,b41.2,b40.2,Anethum graveolens,,6.02.02.90,dill and dill seed,NA,NA,NA,NA,wfo-0000536042,no match,,,,,,,,,,,,,
j14,Plant,Plant,Spices,Sp,TRUE,Dill (Seed),Dill,Dil,TRUE,Seed,Anethum graveolens,,No,No,b27.2,b41.2,b40.2,Anethum graveolens,,6.02.02.90,dill and dill seed,NA,NA,NA,NA,wfo-0000536042,no match,,,,,,,,,,,,,
k26.1,Plant,Plant,Spices,Sp,TRUE,Fennel (Oil),Fennel,Fen,TRUE,Oil,Foeniculum vulgare,,No,No,b27.2,b41.2,b40.2,Foeniculum vulgare,,6.02.01.02,fennel,NA,NA,NA,NA,wfo-0000691487,,,,,,,,,,,,,,
k26.2,Plant,Plant,Spices,Sp,TRUE,Fennel (Seed),Fennel,Fen,TRUE,Seed,Foeniculum vulgare,,No,No,b27.2,b41.2,b40.2,Foeniculum vulgare,,6.02.01.02,fennel,NA,NA,NA,NA,wfo-0000691487,90961,"spices; seeds of anise, badian, caraway or fennel; juniper berries, neither crushed nor ground",,,,,,,,,,,,
k4,Plant,Plant,Vegetables,Ve,TRUE,Artichoke,Artichokes,Art,TRUE,Flower,Cynara cardunculus,,No,No,b27.2,b41.2,b40.2,Cynara cardunculus,,2.01.01,artichoke,NA,NA,NA,NA,wfo-0000013358,70991,"vegetables; globe artichokes, fresh or chilled",,,,,,,,,,,,
k5,Plant,Plant,Vegetables,Ve,TRUE,Asparagus,Asparagus,Asp,TRUE,Stalk,Asparagus officinalis,,No,No,b27.2,b41.2,b40.2,Asparagus officinalis,,2.01.02,asparagus,NA,NA,NA,NA,wfo-0000634022,70920,"vegetables; asparagus, fresh or chilled",,,,,,,,,,,,
i8,Plant,Plant,Vegetables,Ve,TRUE,Beetroot,Beetroot,Bee,TRUE,Tuber/Root/Bulb,Beta vulgaris,,No,No,b27.2,b41.2,b40.2,Beta vulgaris sp.,,8.01,"beet, fodder (mangel)-beet, red-beet, sugar-beet, sugar for fodder-beet, sugar for seeds",NA,NA,NA,NA,wfo-0000564998,70690,"vegetables, root; salad beetroot, salsify, celeric, radishes and similar edible roots, fresh or chilled",,,,,,,,,,,,
k6,Plant,Plant,Vegetables,Ve,TRUE,Cabbage,Cabbage,Cab,TRUE,Leaf,Brassica oleracea,Cabbage,No,No,b27.2,b41.2,b40.2,Brassica oleracea sp.,,2.01.03,"cabbage (red, white, savoy)",NA,NA,NA,NA,wfo-0000571350,70511,"vegetables; cabbage (head) lettuce (Lactuca sativa), fresh or chilled",,,,,,,,,,,,
k18,Plant,Plant,Vegetables,Ve,TRUE,Capsicum or Bell Pepper,Capsicum,Cap,TRUE,Fruit,Capsicum annuum,,No,No,b27.2,b41.2,b40.2,Capsicum annuum,,6.02.01.01,sweet pepper,NA,NA,NA,NA,wfo-0001019982,70960,"vegetables; fruits of the genus Capsicum or of the genus Pimenta, fresh or chilled",,,,,,,,,,,,
j4,Plant,Plant,Vegetables,Ve,TRUE,Chili & Hot Peppers,Chili,Chi,TRUE,Fruit,Capsicum sp,,No,No,b27.2,b41.2,b40.2,Capsicum sp.,,6.02.01.01,"chili, dry (all varieties)-chili, fresh (all varieties)",NA,NA,NA,NA,wfo-4000006624,70960,"vegetables; fruits of the genus Capsicum or of the genus Pimenta, fresh or chilled",,,,,,,,,,,,
i2,Plant,Plant,Vegetables,Ve,TRUE,Carrot,Carrot,Car,TRUE,Tuber/Root/Bulb,Daucus carota,,No,No,b27.2,b41.2,b40.2,Daucus carota,,2.03.01,"carrot, edible",NA,NA,NA,NA,wfo-0000638442-wfo-0000391752,70610,"vegetables, root; carrots and turnips, fresh or chilled",,,,,,,,,,,,
k37,Plant,Plant,Vegetables,Ve,TRUE,Parsnip,Parsnip,Par,TRUE,Tuber/Root/Bulb,Pastinaca sativa,,No,No,b27.2,b41.2,b40.2,Pastinaca sativa,,,,,,,,,,,,,,,,,,,,,,
k7,Plant,Plant,Vegetables,Ve,TRUE,Cauliflower & Broccoli,Cauliflower & Broccoli,Cau,TRUE,Flower,Brassica oleracea,,No,No,b27.2,b41.2,b40.2,Brassica oleracea vars. botrytis & italica,,2.01.04,cauliflower,NA,NA,NA,NA,wfo-0000571350,70410,"vegetables, Brassica; cauliflowers and headed broccoli, fresh or chilled",,,,,,,,,,,,
k17,Plant,Plant,Vegetables,Ve,TRUE,Celery,Celery,Cel,TRUE,Stalk,Apium graveolens,,No,No,b27.2,b41.2,b40.2,Apium graveolens sp.,,2.01.90,celery,NA,NA,NA,NA,wfo-0000540626,70940,"vegetables; celery (other than celeriac), fresh or chilled",,,,,,,,,,,,
k8,Plant,Plant,Vegetables,Ve,TRUE,Cucumber,Cucumber,Cuc,TRUE,Fruit,Cucumis sativus,,No,No,b27.2,b41.2,b40.2,Cucumis sativus,,2.02.01,cucumber,NA,NA,NA,NA,wfo-0000628992,70700,"vegetables; cucumbers and gherkins, fresh or chilled",,,,,,,,,,,,
k16,Plant,Plant,Vegetables,Ve,TRUE,Eggplant,Eggplant,Eggp,TRUE,Fruit,Solanum melongena,,No,No,b27.2,b41.2,b40.2,Solanum melongena,,2.02.02,eggplant,NA,NA,NA,NA,wfo-0001029464,70930,"vegetables; aubergines, (e.g. plants), fresh or chilled",,,,,,,,,,,,
k27,Plant,Plant,Vegetables,Ve,TRUE,Endive,Endive,End,TRUE,Leaf,Cichorium endivia,,No,No,b27.2,b41.2,b40.2,Cichorium endivia,,2.01.90,endive,NA,NA,NA,NA,wfo-0000121598,70529,"vegetables; chicory (Cichorium spp.), (other than witloof chicory), fresh or chilled",,,,,,,,,,,,
k26,Plant,Plant,Vegetables,Ve,TRUE,Fennel,Fennel,Fen,TRUE,Tuber/Root/Bulb,Foeniculum vulgare,,No,No,b27.2,b41.2,b40.2,Foeniculum vulgare,,6.02.01.02,fennel,NA,NA,NA,NA,wfo-0000691487,,,,,,,,,,,,,,
i5,Plant,Plant,Vegetables,Ve,TRUE,Garlic,Garlic,Gar,TRUE,Tuber/Root/Bulb,Allium sativum,,No,No,b27.2,b41.2,b40.2,Allium sativum,,2.03.03,"garlic, dry-garlic, green",NA,NA,NA,NA,wfo-0000757248,70320,"vegetables, alliaceous; garlic, fresh or chilled",,,,,,,,,,,,
k25,Plant,Plant,Vegetables,Ve,TRUE,Kale,Kale,Kal,TRUE,Leaf,Brassica oleracea,,No,No,b27.2,b41.2,b40.2,Brassica oleracea var. acephala,,2.01.90,kale,NA,NA,NA,NA,wfo-0000571350,704,"cabbages, cauliflowers, kohlrabi, kale and similar edible brassicas; fresh or chilled",,,,,,,,,,,,
k9,Plant,Plant,Vegetables,Ve,TRUE,Leeks,Leeks,Lee,TRUE,Leaf,Allium ampeloprasum,,No,No,b27.2,b41.2,b40.2,Allium ampeloprasum,,2.03.05,leek,NA,NA,NA,NA,wfo-0000755607,70390,"vegetables, alliaceous; leeks and other kinds n.e.c. in heading no. 0703, fresh or chilled",,,,,,,,,,,,
k10,Plant,Plant,Vegetables,Ve,TRUE,Lettuce,Lettuce,Let,TRUE,Leaf,Lactuca sativa,,No,No,b27.2,b41.2,b40.2,Lactuca sativa var. capitata,,2.01.05,lettuce,NA,NA,NA,NA,wfo-0000128816,70519,"vegetables; lettuce (Lactuca sativa), (other than cabbage lettuce), fresh or chilled",,,,,,,,,,,,
k30,Plant,Plant,Vegetables,Ve,TRUE,Arugula or Rocket,Rocket,Roc,TRUE,Leaf,Eruca vesicaria,,No,No,b27.2,b41.2,b40.2,Eruca vesicaria,,no match,no match,NA,NA,NA,NA,wfo-0000677413,no match,,,,,,,,,,,,,
k11,Plant,Plant,Vegetables,Ve,TRUE,Okra,Okra,Okr,TRUE,Fruit,Abelmoschus esculentus,,No,No,b27.2,b41.2,b40.2,Abelmoschus esculentus,,2.02.05,okra,NA,NA,NA,NA,wfo-0000510862,no match,,,,,,,,,,,,,
k12,Plant,Plant,Vegetables,Ve,TRUE,Onion and Shallot (Total Yield),Onion,Oni,TRUE,Unspecified,Allium cepa,,No,No,b27.2,b41.2,b40.2,Allium cepa sp.,Allium cepa + Allium cepa var. cepa + Allium cepa var. aggregatum + Allium cepa x A. fistulosum,2.03.04,"onion, dry",NA,NA,NA,NA,wfo-0000755919,70310,"vegetables, alliaceous; onions and shallots, fresh or chilled",,,,,,,,,,,,
k12.1,Plant,Plant,Vegetables,Ve,TRUE,Onion and Shallot (Total Yield),Onion,Oni,TRUE,Tuber/Root/Bulb,Allium cepa,,No,No,b27.2,b41.2,b40.2,Allium cepa sp.,Allium cepa + Allium cepa var. cepa + Allium cepa var. aggregatum + Allium cepa x A. fistulosum,2.03.04,"onion, dry",NA,NA,NA,NA,wfo-0000755919,70310,"vegetables, alliaceous; onions and shallots, fresh or chilled",,,,,,,,,,,,
k12.2,Plant,Plant,Vegetables,Ve,TRUE,Onion and Shallot (Marketable Yield),Onion,Oni,TRUE,Tuber/Root/Bulb,Allium cepa,,No,No,b27.2,b41.2,b40.2,Allium cepa sp.,Allium cepa + Allium cepa var. cepa + Allium cepa var. aggregatum + Allium cepa x A. fistulosum,2.03.04,"onion, dry",NA,NA,NA,NA,wfo-0000755919,70310,"vegetables, alliaceous; onions and shallots, fresh or chilled",,,,,,,,,,,,
k12.3,Plant,Plant,Vegetables,Ve,TRUE,Onion and Shallot (Non-marketable Yield),Onion,Oni,TRUE,Tuber/Root/Bulb,Allium cepa,,No,No,b27.2,b41.2,b40.2,Allium cepa sp.,Allium cepa + Allium cepa var. cepa + Allium cepa var. aggregatum + Allium cepa x A. fistulosum,2.03.04,"onion, dry",NA,NA,NA,NA,wfo-0000755919,70310,"vegetables, alliaceous; onions and shallots, fresh or chilled",,,,,,,,,,,,
k13,Plant,Plant,Vegetables,Ve,TRUE,"Scallions, Green Onions or Spring Onions",Spring Onion,Spr,TRUE,Leaf,Allium sp,,No,No,b27.2,b41.2,b40.2,Allium sp.,Allium ampeloprasum + Allium cepa + Allium fistulosum + Allium sativum + Allium cepa var. cepa + Allium tuberosum + Allium schoenoprasum + Allium cepa var. aggregatum + Allium cepa x A. fistulosum + Allium chinense + Allium ursinum + Ecballium elaterium,2.03.04,onion green,NA,NA,NA,NA,wfo-4000001260,70310,"vegetables, alliaceous; onions and shallots, fresh or chilled",,,,,,,,,,,,
k14,Plant,Plant,Vegetables,Ve,TRUE,Pumpkin,Pumpkin,Pum,TRUE,Fruit,Cucurbita maxima,,No,No,b27.2,b41.2,b40.2,Cucurbita maxima,Cucurbita maxima,2.02.04,"pumpkin, edible",NA,NA,NA,NA,wfo-0000629123-wfo-0000629095-wfo-0000629110,70993,"vegetables; pumpkins, squash and gourds (Cucurbita spp.), fresh or chilled",,,,,,,,,,,,
k14.1,Plant,Plant,Vegetables,Ve,TRUE,Pumpkin (Leaf),Pumpkin,Pum,TRUE,Leaf,Cucurbita maxima,,No,No,b27.2,b41.2,b40.2,Cucurbita maxima,Cucurbita maxima,2.02.04,"pumpkin, edible",NA,NA,NA,NA,wfo-0000629123-wfo-0000629095-wfo-0000629110,70993,"vegetables; pumpkins, squash and gourds (Cucurbita spp.), fresh or chilled",,,,,,,,,,,,
k19,Plant,Plant,Vegetables,Ve,TRUE,Zucchini & Summer Squash,Zucchini,Zuc,TRUE,Fruit,Cucurbita pepo,With soft shells.,No,No,b27.2,b41.2,b40.2,Cucurbita pepo,,no match,no match,NA,NA,NA,NA,wfo-0000629123,70993,"vegetables; pumpkins, squash and gourds (Cucurbita spp.), fresh or chilled",,,,,,,,,,,,
k15,Plant,Plant,Vegetables,Ve,TRUE,Spinach,Spinach,Spi,TRUE,Leaf,Spinacia oleracea,,No,No,b27.2,b41.2,b40.2,Spinacia oleracea,,2.01.06,spinach,NA,NA,NA,NA,wfo-0000437543,70970,"vegetables; spinach, new zealand spinach and orache spinach (garden spinach), fresh or chilled",,,,,,,,,,,,
k23,Plant,Plant,Vegetables,Ve,TRUE,Swiss Chard,Swiss Chard,Swi,TRUE,Leaf,Beta vulgaris,,No,No,b27.2,b41.2,b40.2,Beta vulgaris sp.,,no match,no match,NA,NA,NA,NA,wfo-0000564998,no match,,,,,,,,,,,,,
k24,Plant,Plant,Vegetables,Ve,TRUE,Sunchoke,Sunchoke,Sunc,TRUE,Tuber/Root/Bulb,Helianthus tuberosus,,No,No,b27.2,b41.2,b40.2,Helianthus tuberosus,,no match,no match,NA,NA,NA,NA,wfo-0000091975,71490,"vegetable roots and tubers; arrowroot, salep, jerusalem artichokes and similar roots and tubers (not manioc, sweet potatoes, yams, taro or yautia), high starch or inulin content, fresh, chilled, frozen, dried, sliced or not, or in pellet form; sago pith",,,,,,,,,,,,
e27,Plant,Plant,Vegetables,Ve,TRUE,Tomato,Tomato,Tom,TRUE,Unspecified,Solanum lycopersicum,,No,No,b27.2,b41.2,b40.2,Lycopersicon esculentum,,2.02.03,tomato,NA,NA,NA,NA,wfo-0001029216,70200,"vegetables; tomatoes, fresh or chilled",,,,,,,,,,,,
e27.1,Plant,Plant,Vegetables,Ve,TRUE,Tomato (Total Yield),Tomato,Tom,TRUE,Fruit,Solanum lycopersicum,,No,No,b27.2,b41.2,b40.2,Lycopersicon esculentum,,2.02.03,tomato,NA,NA,NA,NA,wfo-0001029216,70200,"vegetables; tomatoes, fresh or chilled",,,,,,,,,,,,
e27.2,Plant,Plant,Vegetables,Ve,TRUE,Tomato (Marketable Yield),Tomato,Tom,TRUE,Fruit,Solanum lycopersicum,,No,No,b27.2,b41.2,b40.2,Lycopersicon esculentum,,2.02.03,tomato,NA,NA,NA,NA,wfo-0001029216,70200,"vegetables; tomatoes, fresh or chilled",,,,,,,,,,,,
e27.3,Plant,Plant,Vegetables,Ve,TRUE,Tomato (Non-marketable Yield),Tomato,Tom,TRUE,Fruit,Solanum lycopersicum,,No,No,b27.2,b41.2,b40.2,Lycopersicon esculentum,,2.02.03,tomato,NA,NA,NA,NA,wfo-0001029216,70200,"vegetables; tomatoes, fresh or chilled",,,,,,,,,,,,
k20,Plant,Plant,Vegetables,Ve,TRUE,Radish & Daikon,Radish,Rad,TRUE,Tuber/Root/Bulb,Raphanus sativus,,No,No,b27.2,b41.2,b40.2,Raphanus sativus,,2.03.90,radish,NA,NA,NA,NA,wfo-0000735144,70690,"vegetables, root; salad beetroot, salsify, celeric, radishes and similar edible roots, fresh or chilled",,,,,,,,,,,,
k21,Plant,Plant,Vegetables,Ve,TRUE,Turnip,Turnip,Tur,TRUE,Tuber/Root/Bulb,Brassica rapa,,No,No,b27.2,b41.2,b40.2,Brassica rapa sp.,Brassica rapa Gaisin gr. + Brassica rapa Pak Choi + Brassica rapa var. rapifera,2.03.02,"turnip, edible",NA,NA,NA,NA,wfo-0000571544,70610,"vegetables, root; carrots and turnips, fresh or chilled",,,,,,,,,,,,
k22,Plant,Plant,Vegetables,Ve,TRUE,Bitter Melon,Bitter Melon,Bit,TRUE,Fruit,Momordica charantia,,No,No,b27.2,b41.2,b40.2,Momordica sp.,Momordica charantia + Momordica cochinchinensis +,no match,no match,NA,NA,NA,NA,wfo-0000376916,no match,,,,,,,,,,,,,
k28,Plant,Plant,Vegetables,Ve,TRUE,Amaranth (Leaf),Amaranth,Amar,TRUE,Leaf,Amaranthus sp,,No,No,b27.2,b41.2,b40.2,Amaranthus sp.,,no match,no match,NA,NA,NA,NA,wfo-4000001466,no match,,,,,,,,,,,,,
k29,Plant,Plant,Vegetables,Ve,TRUE,Rape or Canola (Leaf),Rape,Rap,TRUE,Leaf,Brassica napus,,No,No,b27.2,b41.2,b40.2,Brassica napus,,4.03.05,rapeseed (colza),NA,NA,NA,NA,wfo-0000571271,no match,,,,,,,,,,,,,
k31,Plant,Plant,Vegetables,Ve,TRUE,Common Purslane,Common Purslane,CoPu,TRUE,Leaf,Portulaca oleracea,,No,No,b27.2,b41.2,b40.2,Portulaca oleracea,,no match,no match,NA,NA,NA,NA,wfo-0000484425,no match,,,,,,,,,,,,,
k32,Plant,Plant,Vegetables,Ve,TRUE,Waterleaf,Waterleaf,Wat,TRUE,Leaf,Talinum fruticosum,,No,No,b27.2,b41.2,b40.2,NA,No Match,no match,no match,NA,NA,NA,NA,wfo-0000454637,no match,,,,,,,,,,,,,
k33,Plant,Plant,Vegetables,Ve,TRUE,Fluted Pumpkin,Fluted Pumpkin,Flu,TRUE,Fruit,Telfairia occidentalis,,No,No,b27.2,b41.2,b40.2,Telfairia occidentalis,,no match,no match,NA,NA,NA,NA,wfo-0000408984,no match,,,,,,,,,,,,,
k33.1,Plant,Plant,Vegetables,Ve,TRUE,Fluted Pumpkin,Fluted Pumpkin,Flu,TRUE,Leaf,Telfairia occidentalis,,No,No,b27.2,b41.2,b40.2,Telfairia occidentalis,,no match,no match,NA,NA,NA,NA,wfo-0000408984,no match,,,,,,,,,,,,,
k34,Plant,Plant,Vegetables,Ve,TRUE,Ethiopian Eggplant,Ethiopian Eggplant,Eth,TRUE,Fruit,Solanum aethiopicum,,No,No,b27.2,b41.2,b40.2,Solanum aethiopicum,,no match,no match,NA,NA,NA,NA,wfo-0001025760,no match,,,,,,,,,,,,,
k35,Plant,Plant,Vegetables,Ve,TRUE,Calabash or Bottle Gourd,Calabash,Cala,TRUE,Fruit,Lagenaria siceraria,,No,No,b27.2,b41.2,b40.2,Lagenaria siceraria,,no match,no match,NA,NA,NA,NA,wfo-0000361549,no match,,,,,,,,,,,,,
k36,Plant,Plant,Vegetables,Ve,TRUE,Eru,Eru,Eru,TRUE,Leaf,Gnetum africanum,,No,No,b27.2,b41.2,b40.2,NA,No Match,no match,no match,NA,NA,NA,NA,wfo-0000795564,no match,,,,,,,,,,,,,
i3.1,Plant,Plant,Vegetables,Ve,TRUE,Cassava or Yuca (Leaf),Cassava,Cass,TRUE,Leaf,Manihot esculenta,,No,No,b27.2,b41.2,b40.2,Manihot esculenta,,no match,no match,NA,NA,NA,NA,wfo-0000235507,no match,,,,,,,,,,,,,
h8.2,Plant,Plant,Vegetables,Ve,TRUE,Cowpea (Leaf),Cowpea,CoPe,TRUE,Leaf,Vigna unguiculata,,Yes,No,b27.1,b41.1,b40.1,Vigna unguiculata sp.,Vigna unguiculate + Vigna unguiculata ssp. Dekindtiana + Vigna unguiculata ssp. Sesquipedalis + Vigna unguiculata ssp. Unguiculate + Vigna unguiculata ssp. Stenophylla + Vigna unguiculata ssp. Pubescens + Vigna unguiculata ssp. biflora,no match,no match,NA,NA,NA,NA,wfo-0000189386,no match,,,,,,,,,,,,,
i9.1,Plant,Plant,Vegetables,Ve,TRUE,Sweet Potato (Leaf),Sweet Potato,SwPo,TRUE,Leaf,Ipomoea batatas,,No,No,b27.2,b41.2,b40.2,Ipomoea batatas,,no match,no match,NA,NA,NA,NA,wfo-0001297246,no match,,,,,,,,,,,,,
h14.1,Plant,Plant,Vegetables,Ve,TRUE,Common Bean (Leaf),Common Bean,CoBe,TRUE,Leaf,Phaseolus vulgaris,Use for dried beans.,Yes,No,b27.1,b41.1,b40.1,Phaseolus vulgaris,,no match,no match,NA,NA,NA,NA,wfo-0000183282,no match,,,,,,,,,,,,,
n8,Plant,Plant,Cash Crops,CaCr,TRUE,Aloe,Aloe,Alo,TRUE,Leaf,Aloe vera;Aloe sp,,No,No,b27.2,b41.2,b40.2,Aloe sp.,Aloe arborescens + Aloe barbadensis + Aloe ferox + Aloe perryi,no match,no match,NA,NA,NA,NA,wfo-0000758976-wfo-4000001341,no match,,,,,,,,,,,,,
l2,Plant,Plant,Cash Crops,CaCr,TRUE,Cocoa or Cacao,Cocoa,Cocoa,TRUE,Unspecified,Theobroma cacao,Seeds or beans,No,Yes,a17.1,a17.2,a17,Theobroma cacao,,6.01.04,cocoa (cacao),NA,NA,NA,NA,wfo-0000458440,180100,"cocoa beans; whole or broken, raw or roasted",,,,,,,,,,,,
l2.1,Plant,Plant,Cash Crops,CaCr,TRUE,Cocoa or Cacao (Beans),Cocoa,Cocoa,TRUE,Seed,Theobroma cacao,Seeds or beans,No,Yes,a17.1,a17.2,a17,Theobroma cacao,,6.01.04,cocoa (cacao),NA,NA,NA,NA,wfo-0000458440,180100,"cocoa beans; whole or broken, raw or roasted",,,,,,,,,,,,
l2.2,Plant,Plant,Cash Crops,CaCr,TRUE,Cocoa or Cacao (Butter),Cocoa,Cocoa,TRUE,Oil,Theobroma cacao,"Cocoa liquor, cocoa butter or chocolate",No,Yes,a17.1,a17.2,a17,Theobroma cacao,,6.01.04,cocoa (cacao),NA,NA,NA,NA,wfo-0000458440,180400,"cocoa; butter, fat and oil",,,,,,,,,,,,
l2.3,Plant,Plant,Cash Crops,CaCr,TRUE,Cocoa or Cacao (Pods),Cocoa,Cocoa,TRUE,Fruit,Theobroma cacao,Pods,No,Yes,a17.1,a17.2,a17,Theobroma cacao,,6.01.04,cocoa (cacao),NA,NA,NA,NA,wfo-0000458440,no match,,,,,,,,,,,,,
l14,Plant,Plant,Cash Crops,CaCr,TRUE,Cupuaçu,Cupuaçu,Cup,TRUE,Fruit,Theobroma grandiflorum,,No,Yes,a17.1,a17.2,a17,Theobroma grandiflorum,Amazonia species used to make a cocoa like butter,no match,no match,NA,NA,NA,NA,wfo-0000458603,no match,,,,,,,,,,,,,
l4,Plant,Plant,Cash Crops,CaCr,TRUE,Coffee,Coffee,Cof,TRUE,Seed,Coffea sp,,No,Yes,a17.1,a17.2,a17,Coffea sp.,,6.01.01,coffee,NA,NA,NA,NA,wfo-4000008851,90111,coffee; not roasted or decaffeinated,,,,,,,,,,,,
l4.1,Plant,Plant,Cash Crops,CaCr,TRUE,Coffee Arabica,Arabica,Ara,TRUE,Seed,Coffea arabica,,No,Yes,a17.1,a17.2,a17,Coffea arabica,,6.01.01,coffee,NA,NA,NA,NA,wfo-0000910097,90111,coffee; not roasted or decaffeinated,,,,,,,,,,,,
l4.2,Plant,Plant,Cash Crops,CaCr,TRUE,Coffee Robusta,Robusta,Rob,TRUE,Seed,Coffea canephora,,No,Yes,a17.1,a17.2,a17,Coffea canephora,,6.01.01,coffee,NA,NA,NA,NA,wfo-0000910571,90111,coffee; not roasted or decaffeinated,,,,,,,,,,,,
l11,Plant,Plant,Cash Crops,CaCr,TRUE,Tea,Tea,Tea,TRUE,Leaf,Camellia sinensis,,No,Yes,a17.1,a17.2,a17,Camellia sp.,Camellia sinensis + Camellia sinensis var. assamica + Camellia sinensis var. sinensis +,6.01.02,tea,NA,NA,NA,NA,wfo-0000582676,902,tea,,,,,,,,,,,,
l6,Plant,Plant,Cash Crops,CaCr,TRUE,Hops,Hops,Hop,TRUE,Flower,Humulus lupulus,,No,No,b27.2,b41.2,b40.2,Humulus lupulus,,6.02.02.07,hops,NA,NA,NA,NA,wfo-0000725866,121010,hop cones; neither ground nor powdered nor in the form of pellets,,,,,,,,,,,,
l7,Plant,Plant,Cash Crops,CaCr,TRUE,Yerba Mate,Yerba Mate,Yer,TRUE,Leaf,Ilex paraguariensis,,No,Yes,a17.1,a17.2,a17,Ilex paraguariensis,,6.01.03,yerba mate,NA,NA,NA,NA,wfo-0000729719,90300,mate,,,,,,,,,,,,
l15,Plant,Plant,Cash Crops,CaCr,TRUE,Hibiscus or Roselle (Flowers),Hibiscus,Hibi,TRUE,Flower,Hibiscus sabdariffa,Flowers for making beverages,No,Yes,a17.1,a17.2,a17,Hibiscus sabdariffa,,9.02.01.02,kenaf,NA,NA,NA,NA,wfo-4000017873,no match,,,,,,,,,,,,,
l12,Plant,Plant,Cash Crops,CaCr,TRUE,Tobacco,Tobacco,Tob,TRUE,Leaf,Nicotiana sp,,No,No,b27.2,b41.2,b40.2,Nicotiana sp.,,9.06,tobacco,NA,NA,NA,NA,wfo-4000026097,240110,"tobacco, (not stemmed or stripped)",,,,,,,,,,,,
l9,Plant,Plant,Cash Crops,CaCr,TRUE,Sugar Cane (Cane),Sugar Cane,SuCa,TRUE,Unspecified,Saccharum sp,,No,No,b27.2,b41.2,b40.2,Saccharum officinarum,We consider Saccharum officinarum to be the most likely species if unspecified in a paper,8.02,sugar cane for sugar or alcohol,NA,NA,NA,NA,wfo-4000033729,121293,"sugar cane; fit for human consumption, fresh, chilled, frozen or dried, whether or not ground",,,,,,,,,,,,
l9.1,Plant,Plant,Cash Crops,CaCr,TRUE,Sugar Cane (Cane),Sugar Cane,SuCa,TRUE,Stem,Saccharum sp,,No,No,b27.2,b41.2,b40.2,Saccharum officinarum,We consider Saccharum officinarum to be the most likely species if unspecified in a paper,8.02,sugar cane for sugar or alcohol,NA,NA,NA,NA,wfo-4000033729,121293,"sugar cane; fit for human consumption, fresh, chilled, frozen or dried, whether or not ground",,,,,,,,,,,,
l9.2,Plant,Plant,Cash Crops,CaCr,TRUE,Sugar Cane (Sugar),Sugar Cane,SuCa,TRUE,Sugar,Saccharum sp,,No,No,b27.2,b41.2,b40.2,Saccharum officinarum,We consider Saccharum officinarum to be the most likely species if unspecified in a paper,8.02,sugar cane for sugar or alcohol,NA,NA,NA,NA,wfo-4000033729,170113,"sugars; cane sugar, raw, in solid form, as specified in subheading note 2 to this chapter, not containing added flavouring or colouring matter",,,,,,,,,,,,
l9.3,Plant,Plant,Cash Crops,CaCr,TRUE,Sugar Cane (Cane),Sugar Cane,SuCa,TRUE,Stem,Saccharum officinarum,,No,No,b27.2,b41.2,b40.2,Saccharum officinarum,,8.02,sugar cane for sugar or alcohol,NA,NA,NA,NA,wfo-0000896660,121293,"sugar cane; fit for human consumption, fresh, chilled, frozen or dried, whether or not ground",,,,,,,,,,,,
l9.4,Plant,Plant,Cash Crops,CaCr,TRUE,Sugar Cane (Sugar),Sugar Cane,SuCa,TRUE,Sugar,Saccharum officinarum,,No,No,b27.2,b41.2,b40.2,Saccharum officinarum,,8.02,sugar cane for sugar or alcohol,NA,NA,NA,NA,wfo-0000896660,170113,"sugars; cane sugar, raw, in solid form, as specified in subheading note 2 to this chapter, not containing added flavouring or colouring matter",,,,,,,,,,,,
l20,Plant,Plant,Cash Crops,CaCr,TRUE,Sugar Beet,Sugar Beet,SuBe,TRUE,Unspecified,Beta vulgaris vulgaris,,No,No,b27.2,b41.2,b40.2,Beta vulgaris var. saccharifera,,8.01,sugar beet,NA,NA,NA,NA,wfo-0001235049,121291,"sugar beet; fit for human consumption, fresh, chilled, frozen or dried, whether or not ground",,,,,,,,,,,,
l20.1,Plant,Plant,Cash Crops,CaCr,TRUE,Sugar Beet (Root),Sugar Beet,SuBe,TRUE,Tuber/Root/Bulb,Beta vulgaris vulgaris,,No,No,b27.2,b41.2,b40.2,Beta vulgaris var. saccharifera,,8.01,sugar beet,NA,NA,NA,NA,wfo-0001235049,121291,"sugar beet; fit for human consumption, fresh, chilled, frozen or dried, whether or not ground",,,,,,,,,,,,
l20.2,Plant,Plant,Cash Crops,CaCr,TRUE,Sugar Beet (Sugar),Sugar Beet,SuBe,TRUE,Sugar,Beta vulgaris vulgaris,,No,No,b27.2,b41.2,b40.2,Beta vulgaris var. saccharifera,,8.01,sugar beet,NA,NA,NA,NA,wfo-0001235049,170112,"sugars; beet sugar, raw, in solid form, not containing added flavouring or colouring matter",,,,,,,,,,,,
l13,Plant,Plant,Cash Crops,CaCr,TRUE,Stevia,Stevia,Stev,TRUE,Leaf,Stevia rebaudiana,,No,Yes,a17.1,a17.2,a17,Stevia rebaudiana,,no match,no match,NA,NA,NA,NA,wfo-0000003546,no match,,,,,,,,,,,,,
l5,Plant,Plant,Cash Crops,CaCr,TRUE,Rubber,Rubber,Rub,TRUE,Sap,Hevea brasiliensis,,No,Yes,a17.1,a17.2,a17,Hevea brasiliensis,,9.04,rubber,NA,NA,NA,NA,wfo-0000982080,4001,"natural rubber, balata, gutta-percha, guayule, chicle and similar gums; in primary forms or in plates, sheets or strip",,,,,,,,,,,,
l17,Plant,Plant,Cash Crops,CaCr,TRUE,Gum Arabic,Gum Arabic,Gum,TRUE,Sap,Acacia senegal (for example),,No,Yes,a17.1,a17.2,a17,Acacia senegal,,no match,no match,NA,NA,NA,NA,wfo-0000210855,130120,gum arabic,,,,,,,,,,,,
l21,Plant,Plant,Cash Crops,CaCr,TRUE,Pelargonium sidoides,Pelargonium sidoides,PeSi,TRUE,Tuber/Root/Bulb,Pelargonium sidoides,,No,No,b27.2,b41.2,b40.2,NA,No Match,no match,no match,NA,NA,NA,NA,wfo-0001221559,no match,,,,,,,,,,,,,
l22,Plant,Plant,Cash Crops,CaCr,TRUE,Moringa,Moringa,Mor,TRUE,Leaf,Moringa oleifera,,No,Yes,a17.1,a17.2,a17,Moringa oleifera,,6229,Drumstick tree,NA,NA,NA,NA,wfo-0001085051,no match,,,,,,,,,,,,,
l9.5,Plant,Plant,Cash Crops,CaCr,TRUE,Sweetcane (Cane),Sweetcane,SwCa,TRUE,Stem,Saccharum arundinaceum,,No,No,b27.2,b41.2,b40.2,Saccharum officinarum,Substituting Saccharum officinarum as ecocrop match for this species,no match,no match,NA,NA,NA,NA,wfo-0000896536,no match,,,,,,,,,,,,,
l9.6,Plant,Plant,Cash Crops,CaCr,TRUE,Sweetcane (Sugar),Sweetcane,SwCa,TRUE,Sugar,Saccharum arundinaceum,,No,No,b27.2,b41.2,b40.2,Saccharum officinarum,Substituting Saccharum officinarum as ecocrop match for this species,no match,no match,NA,NA,NA,NA,wfo-0000896536,no match,,,,,,,,,,,,,
h16,Plant,Plant,Cash Crops,CaCr,TRUE,Guar Gum or Cluster Bean,Guar Gum,GuGu,TRUE,Seeds,Cyamopsis tetragonoloba,,No,Yes,a17.1,a17.2,a17,Cyamopsis tetragonoloba,,no match,no match,NA,NA,NA,NA,wfo-0000189996,130232,"mucilages and thickeners; whether or not modified, derived from locust beans, locust bean seeds or guar seeds",,,,,,,,,,,,
o6,Plant,Plant,Fodders,Fo,TRUE,Fodder (Other),Other Fodder,OtFo,TRUE,Biomass,NA,List any species details in the variety column,#N/A,#N/A,#N/A,#N/A,#N/A,NA,NA,9.01.01-9.01.02,temporary grass and fodder crops-permanent grass and fodder crops,NA,NA,NA,NA,NA,no match,,,,,,,,,,,,,
o1,Plant,Plant,Fodders,Fo,TRUE,Unspecified Fodder (Grass),Seed,UnGr,TRUE,Biomass,NA,List any species details in the variety column,No,No,b27.2,b41.2,b40.2,NA,NA,no match,no match,NA,NA,NA,NA,NA,no match,,,,,,,,,,,,,
o2,Plant,Plant,Fodders,Fo,TRUE,Fodder (Legumes),Fodder Legume,FoLe,TRUE,Biomass,NA,List any species details in the variety column,Yes,No,b27.1,b41.1,b40.1,NA,NA,no match,no match,NA,NA,NA,NA,NA,no match,,,,,,,,,,,,,
o3,Plant,Plant,Fodders,Fo,TRUE,Fodder (Trees),Fodder Tree,FoTr,TRUE,Biomass,NA,List any species details in the variety column,#N/A,#N/A,#N/A,#N/A,#N/A,NA,NA,no match,no match,NA,NA,NA,NA,NA,no match,,,,,,,,,,,,,
o4,Plant,Plant,Fodders,Fo,TRUE,Napier Grass,Napier Grass,NaGr,TRUE,Biomass,Pennisetum purpureum,List any species details in the variety column,No,No,b27.2,b41.2,b40.2,Pennisetum purpureum,,no match,no match,NA,NA,NA,NA,wfo-0000889087,no match,,,,,,,,,,,,,
o7,Plant,Plant,Fodders,Fo,TRUE,Brachiaria decumbens,Brachiaria decumbens,BrDe,TRUE,Biomass,Brachiaria decumbens,,No,No,b27.2,b41.2,b40.2,Brachiaria decumbens,,no match,no match,NA,NA,NA,NA,wfo-0000854081,no match,,,,,,,,,,,,,
o8,Plant,Plant,Fodders,Fo,TRUE,Brachiaria humidicola,Brachiaria humidicola,BrHu,TRUE,Biomass,Brachiaria humidicola,,No,No,b27.2,b41.2,b40.2,Brachiaria humidicola,,no match,no match,NA,NA,NA,NA,wfo-0000854134,no match,,,,,,,,,,,,,
o9,Plant,Plant,Fodders,Fo,TRUE,Brachiaria brizantha,Brachiaria brizantha,BrBri,TRUE,Biomass,Brachiaria brizantha,,No,No,b27.2,b41.2,b40.2,Brachiaria brizantha,,no match,no match,NA,NA,NA,NA,wfo-0000854060,no match,,,,,,,,,,,,,
o10,Plant,Plant,Fodders,Fo,TRUE,Brachiaria hybrid,Brachiaria hybrid,BrHy,TRUE,Biomass,Brachiaria hybrid,,No,No,b27.2,b41.2,b40.2,Brachiaria average,,no match,no match,NA,NA,NA,NA,wfo-4000039845,no match,,,,,,,,,,,,,
o11,Plant,Plant,Fodders,Fo,TRUE,Chloris gayana,Chloris gayana,ChGa,TRUE,Biomass,Chloris gayana,,No,No,b27.2,b41.2,b40.2,Chloris gayana,,no match,no match,NA,NA,NA,NA,wfo-0000859517,no match,,,,,,,,,,,,,
o12,Plant,Plant,Fodders,Fo,TRUE,Cocksfoot,Cocksfoot,Coc,TRUE,Biomass,Dactylis glomerata,,No,No,b27.2,b41.2,b40.2,Dactylis glomerata,,9.01.01,"grass, orchard",NA,NA,NA,NA,wfo-0000861498,no match,,,,,,,,,,,,,
o13,Plant,Plant,Fodders,Fo,TRUE,Tall Fescue,Tall Fescue,TaFe,TRUE,Biomass,Festuca arundinacea,,No,No,b27.2,b41.2,b40.2,Festuca arundinacea,,no match,no match,NA,NA,NA,NA,wfo-0000869819,no match,,,,,,,,,,,,,
o14,Plant,Plant,Fodders,Fo,TRUE,Kikuyu Grass,Kikuyu Grass,KiGr,TRUE,Biomass,Pennisetum clandestinum,,No,No,b27.2,b41.2,b40.2,Pennisetum clandestinum,,no match,no match,NA,NA,NA,NA,wfo-0000888823,no match,,,,,,,,,,,,,
o15,Plant,Plant,Fodders,Fo,TRUE,Westerwold Ryegrass,Westerwold Ryegrass,WeRy,TRUE,Biomass,Lolium westerwoldicum,,No,No,b27.2,b41.2,b40.2,Lolium averaged,,no match,no match,NA,NA,NA,NA,wfo-0000878425,no match,,,,,,,,,,,,,
o16,Plant,Plant,Fodders,Fo,TRUE,Smutsfinger Grass,Smutsfinger Grass,SmGr,TRUE,Biomass,Digitaria eriantha,,No,No,b27.2,b41.2,b40.2,Digitaria sp.,,no match,no match,NA,NA,NA,NA,wfo-0000863931,no match,,,,,,,,,,,,,
o17,Plant,Plant,Fodders,Fo,TRUE,Hairy or Fodder Vetch,Hairy Vetch,HaVe,TRUE,Biomass,Vicia villosa,,Yes,No,b27.1,b41.1,b40.1,Vicia villosa averaged,,no match,no match,NA,NA,NA,NA,wfo-0000212804,no match,,,,,,,,,,,,,
o18,Plant,Plant,Fodders,Fo,TRUE,Ryegrass sp,Ryegrass sp,Ryeg,TRUE,Biomass,Lolium sp,,No,No,b27.2,b41.2,b40.2,Lolium averaged,,9.90.01,ryegrass seed,NA,NA,NA,NA,wfo-4000022095,no match,,,,,,,,,,,,,
o19,Plant,Plant,Fodders,Fo,TRUE,Blue Lupin,Blue Lupin,BlLu,TRUE,Biomass,Lupinus angustifolius,,Yes,No,b27.1,b41.1,b40.1,Lupinus angustifolius,,no match,no match,NA,NA,NA,NA,wfo-0000213485,no match,,,,,,,,,,,,,
o20,Plant,Plant,Fodders,Fo,TRUE,Jointvetche,Jointvetche,Joi,TRUE,Biomass,Aeschynomene histrix,,Yes,No,b27.1,b41.1,b40.1,Aeschynomene histrix,,no match,no match,NA,NA,NA,NA,wfo-0000183514,no match,,,,,,,,,,,,,
o21,Plant,Plant,Fodders,Fo,TRUE,Fodder Radish,Fodder Radish,FoRa,TRUE,Biomass,Raphanus sativus,,Yes,No,b27.1,b41.1,b40.1,Raphanus sativus,,2.03.90,radish,NA,NA,NA,NA,wfo-0000402430,no match,,,,,,,,,,,,,
o22,Plant,Plant,Fodders,Fo,TRUE,Vetiver Grass,Vetiver Grass,Vet,TRUE,Biomass,Chrysopogon zizanioides,,No,No,b27.2,b41.2,b40.2,Chrysopogon sp.,,no match,no match,NA,NA,NA,NA,wfo-0000859932,no match,,,,,,,,,,,,,
o23,Plant,Plant,Fodders,Fo,TRUE,Fodder (Natural Vegetation),Fodder (Natural Vegetation),FoNa,TRUE,Biomass,NA,,No,No,b27.2,b41.2,b40.2,NA,NA,no match,no match,NA,NA,NA,NA,NA,121490,"forage products including swedes, mangolds, fodder roots, hay, sainfoin, clover, forage kale, lupines, vetches etc., pelletised or otherwise",,,,,,,,,,,,
o24,Plant,Plant,Fodders,Fo,TRUE,Stipagrostis uniplumis,Stipagrostis uniplumis,StUn,TRUE,Biomass,Stipagrostis uniplumis,,No,No,b27.2,b41.2,b40.2,NA,No match,no match,no match,NA,NA,NA,NA,wfo-0000903141,no match,,,,,,,,,,,,,
o25,Plant,Plant,Fodders,Fo,TRUE,Tassel Three-awn,Tassel Three-awn,TaTh,TRUE,Biomass,Aristida congesta,,No,No,b27.2,b41.2,b40.2,Aristida averaged,,no match,no match,NA,NA,NA,NA,wfo-0000848682,no match,,,,,,,,,,,,,
o26,Plant,Plant,Fodders,Fo,TRUE,Sickle Grass,Sickle Grass,SiGr,TRUE,Biomass,Pogonarthria squarrosa,,No,No,b27.2,b41.2,b40.2,NA,No match,no match,no match,NA,NA,NA,NA,wfo-0000894422,no match,,,,,,,,,,,,,
o27,Plant,Plant,Fodders,Fo,TRUE,Tick Clover sp,Tick Clover sp,TiCl,TRUE,Biomass,Desmodium sp,,Yes,No,b27.1,b41.1,b40.1,Desmodium averaged,,no match,no match,NA,NA,NA,NA,wfo-4000011206,no match,,,,,,,,,,,,,
o28,Plant,Plant,Fodders,Fo,TRUE,Centrosema pascuorum,Centrosema pascuorum,CePa,TRUE,Biomass,Centrosema pascuorum,,Yes,No,b27.1,b41.1,b40.1,Centrosema pascuorum,,no match,no match,NA,NA,NA,NA,wfo-0000165564,no match,,,,,,,,,,,,,
o29,Plant,Plant,Fodders,Fo,TRUE,Guinea Grass,Guinea Grass,GuGr,TRUE,Biomass,Megathyrsus maximus,synonym of Panicum maximum,No,No,b27.2,b41.2,b40.2,NA,No match,no match,no match,NA,NA,NA,NA,wfo-0000885123,no match,,,,,,,,,,,,,
o30,Plant,Plant,Fodders,Fo,TRUE,Desho Grass,Desho Grass,DeGr,TRUE,Biomass,Pennisetum pedicellatum,,No,No,b27.2,b41.2,b40.2,Pennisetum pedicellatum,,no match,no match,NA,NA,NA,NA,wfo-0000889043,no match,,,,,,,,,,,,,
o31,Plant,Plant,Fodders,Fo,TRUE,Alfalfa,Alfalfa,Alf,TRUE,Biomass,Medicago sativa,,Yes,No,b27.1,b41.1,b40.1,Medicago sativa,,no match,no match,NA,NA,NA,NA,wfo-0000213468,121410,lucerne (alfalfa) meal and pellets,,,,,,,,,,,,
o31.1,Plant,Plant,Fodders,Fo,TRUE,Alfalfa,Alfalfa,Alf,TRUE,Seed,Medicago sativa,,Yes,No,b27.1,b41.1,b40.1,Medicago sativa,,no match,no match,NA,NA,NA,NA,wfo-0000213468,120921,"seed; lucerne (alfalfa) seed, of a kind used for sowing",,,,,,,,,,,,
o32,Plant,Plant,Fodders,Fo,TRUE,Subterranean Clover,Subterranean Clover,SuCl,TRUE,Biomass,Trifolium subterraneum,,Yes,No,b27.1,b41.1,b40.1,Trifolium subterraneum,,no match,no match,NA,NA,NA,NA,wfo-0000213094,no match,,,,,,,,,,,,,
o33,Plant,Plant,Fodders,Fo,TRUE,Congo Grass,Congo Grass,CoGr,TRUE,Biomass,Brachiaria ruziziensis,,No,No,b27.2,b41.2,b40.2,Brachiaria ruziziensis,,no match,no match,NA,NA,NA,NA,wfo-0000854234,no match,,,,,,,,,,,,,
o34,Plant,Plant,Fodders,Fo,TRUE,Buffel Grass,Cenchrus ciliaris,CeCi,TRUE,Biomass,Cenchrus ciliaris,,No,No,b27.2,b41.2,b40.2,Cenchrus ciliaris,,no match,no match,NA,NA,NA,NA,wfo-0000858573,no match,,,,,,,,,,,,,
o35,Plant,Plant,Fodders,Fo,TRUE,Enteropogon monostachyos,Enteropogon monostachyos,EnMo,TRUE,Biomass,Enteropogon monostachyos,,No,No,b27.2,b41.2,b40.2,NA,No match,no match,no match,NA,NA,NA,NA,wfo-0000867188-wfo-0000867193,no match,,,,,,,,,,,,,
o36,Plant,Plant,Fodders,Fo,TRUE,Eragrostis superba,Eragrostis superba,ErSu,TRUE,Biomass,Eragrostis superba,,No,No,b27.2,b41.2,b40.2,Eragrostis superba,,no match,no match,NA,NA,NA,NA,wfo-0000868497,no match,,,,,,,,,,,,,
o37,Plant,Plant,Fodders,Fo,TRUE,Stylosanthes hamata,Stylosanthes hamata,StHa,TRUE,Biomass,Stylosanthes hamata,,Yes,No,b27.1,b41.1,b40.1,Stylosanthes hamata,,no match,no match,NA,NA,NA,NA,wfo-0000182089,no match,,,,,,,,,,,,,
o38,Plant,Plant,Fodders,Fo,TRUE,Stylosanthes guianensis,Stylosanthes guianensis,StGu,TRUE,Biomass,Stylosanthes guianensis,,Yes,No,b27.1,b41.1,b40.1,Stylosanthes guianensis averaged,,no match,no match,NA,NA,NA,NA,wfo-0000176386,no match,,,,,,,,,,,,,
o39,Plant,Plant,Fodders,Fo,TRUE,Sunn Hemp,Sunn Hemp,SuHe,TRUE,Biomass,Crotalaria juncea,,Yes,Yes,a16.1,a16.2,a16,Crotalaria juncea,,no match,no match,NA,NA,NA,NA,wfo-0000210925,no match,,,,,,,,,,,,,
o40,Plant,Plant,Fodders,Fo,TRUE,Themeda triandra,Themeda triandra,ThTr,TRUE,Biomass,Themeda triandra,,No,No,b27.2,b41.2,b40.2,Themeda triandra,,no match,no match,NA,NA,NA,NA,wfo-0000903590,no match,,,,,,,,,,,,,
o41,Plant,Plant,Fodders,Fo,TRUE,Chamaecrista rotundifolia,Chamaecrista rotundifolia,ChRo,TRUE,Biomass,Chamaecrista rotundifolia,,Yes,No,b27.1,b41.1,b40.1,NA,No match,no match,no match,NA,NA,NA,NA,wfo-0000164633,no match,,,,,,,,,,,,,
o42,Plant,Plant,Fodders,Fo,TRUE,Centrosema brasilianum,Centrosema brasilianum,CeBr,TRUE,Biomass,Centrosema brasilianum,,Yes,No,b27.1,b41.1,b40.1,Centrosema brasilianum,,no match,no match,NA,NA,NA,NA,wfo-0000174032,no match,,,,,,,,,,,,,
o43,Plant,Plant,Fodders,Fo,TRUE,Pueraria phaseoloides,Pueraria phaseoloides,PuPh,TRUE,Biomass,Pueraria phaseoloides,,Yes,No,b27.1,b41.1,b40.1,Pueraria phaseoloides,,no match,no match,NA,NA,NA,NA,wfo-0000183806,no match,,,,,,,,,,,,,
o44,Plant,Plant,Fodders,Fo,TRUE,Aeschynomene afraspera,Aeschynomene afraspera,AeAf,TRUE,Biomass,Aeschynomene afraspera,,Yes,No,b27.1,b41.1,b40.1,Aeschynomene averaged,,no match,no match,NA,NA,NA,NA,wfo-0000173003,no match,,,,,,,,,,,,,
o45,Plant,Plant,Fodders,Fo,TRUE,Crotalaria ochroleuca,Crotalaria ochroleuca,CrOc,TRUE,Biomass,Crotalaria ochroleuca,,Yes,No,b27.1,b41.1,b40.1,Crotalaria averaged,,no match,no match,NA,NA,NA,NA,wfo-0000209242,no match,,,,,,,,,,,,,
o46,Plant,Plant,Fodders,Fo,TRUE,Trifolium quartinianum,Trifolium quartinianum,TrQu,TRUE,Biomass,Trifolium quartinianum,,Yes,No,b27.1,b41.1,b40.1,Trifolium quartinianum,,no match,no match,NA,NA,NA,NA,wfo-0000213061,no match,,,,,,,,,,,,,
o47,Plant,Plant,Fodders,Fo,TRUE,Trifolium steudneri,Trifolium steudneri,TrSt,TRUE,Biomass,Trifolium steudneri,,Yes,No,b27.1,b41.1,b40.1,Trifolium steudneri,,no match,no match,NA,NA,NA,NA,wfo-0000213086,no match,,,,,,,,,,,,,
o48,Plant,Plant,Fodders,Fo,TRUE,Andropogon gayanus,Andropogon gayanus,AnGa,TRUE,Biomass,Andropogon gayanus,aka Gamba Grass,No,No,b27.2,b41.2,b40.2,Andropogon gayanus,,no match,no match,NA,NA,NA,NA,wfo-0000846619,no match,,,,,,,,,,,,,
h26,Plant,Plant,Fodders,Fo,TRUE,Egyptian Clover,Egyptian Clover,EgCl,TRUE,Biomass,Trifolium alexandrinum,,Yes,No,b27.1,b41.1,b40.1,Trifolium alexandrinum,,no match,no match,NA,NA,NA,NA,wfo-0000212963,no match,,,,,,,,,,,,,
s1,Plant,Plant,Fodders,Fo,TRUE,Cover Crop or Green Manure,Cover Crop or Green Manure,CoCr,TRUE,Biomass,NA,List any species details in the variety column,#N/A,#N/A,#N/A,#N/A,NA,NA,NA,no match,no match,NA,NA,NA,NA,NA,no match,,,,,,,,,,,,,
m1,Non-product,Non-product,Energy Production,EnPr,TRUE,Cookstove,Cookstove,CoSt,TRUE,NA,NA,"Cookstove outcomes, income, labour, emissions, etc.",NA,NA,NA,NA,NA,NA,NA,no match,no match,NA,NA,NA,NA,NA,7321,"stoves, ranges, grates, cookers (those with subsidiary boilers for central heating), barbecues, braziers, gas-rings, plate warmers and similar non-electric domestic appliances and parts, of iron or steel",,,,,,,,,,,,
m2,Non-product,Non-product,Energy Production,EnPr,TRUE,Biodigester,Biodigester,Biod,TRUE,NA,NA,,NA,NA,NA,NA,NA,NA,NA,no match,no match,NA,NA,NA,NA,NA,no match,,,,,,,,,,,,,
m5,Non-product,Non-product,Energy Production,EnPr,TRUE,Biogas,Biogas,Biog,TRUE,NA,NA,,NA,NA,NA,NA,NA,NA,NA,no match,no match,NA,NA,NA,NA,NA,no match,,,,,,,,,,,,,
m6,Non-product,Non-product,Energy Production,EnPr,TRUE,Other Fuel,Other Fuel,OtFu,TRUE,NA,NA,"If not covered by Fibre & Wood, e.g. Firewood (r2) or Charcoal (r3).",NA,NA,NA,NA,NA,NA,NA,no match,no match,NA,NA,NA,NA,NA,3,fuels and lubricants,,,,,,,,,,,,
s3,Non-product,Non-product,Cover Crop,CoCr,TRUE,Ornithopus sativus,Ornithopus sativus,OrSa,TRUE,Biomass,Ornithopus sativus,,No,No,b27.2,b41.2,b40.2,Ornithopus sativus,,no match,no match,NA,NA,NA,NA,wfo-0000205829,no match,,,,,,,,,,,,,
s4,Non-product,Non-product,Cover Crop,CoCr,TRUE,Medicago truncatula,Medicago truncatula,MeTr,TRUE,Biomass,Medicago truncatula,,Yes,No,b27.1,b41.1,b40.1,Medicago truncatula,,no match,no match,NA,NA,NA,NA,wfo-0000213477,no match,,,,,,,,,,,,,
s5,Non-product,Non-product,Cover Crop,CoCr,TRUE,Felicia heterophylla,Felicia heterophylla,FeHe,TRUE,Biomass,Felicia heterophylla,,No,No,b27.2,b41.2,b40.2,NA,No match,no match,no match,NA,NA,NA,NA,wfo-0000088691,no match,,,,,,,,,,,,,
s6,Non-product,Non-product,Cover Crop,CoCr,TRUE,Dimorphotheca pluvialis,Dimorphotheca pluvialis,DiPl,TRUE,Biomass,Dimorphotheca pluvialis,,No,No,b27.2,b41.2,b40.2,NA,No match,no match,no match,NA,NA,NA,NA,wfo-0000127997,no match,,,,,,,,,,,,,
s7,Non-product,Non-product,Cover Crop,CoCr,TRUE,Senecio elegans,Senecio elegans,SeEl,TRUE,Biomass,Senecio elegans,,No,No,b27.2,b41.2,b40.2,NA,No match,no match,no match,NA,NA,NA,NA,wfo-0000074874,no match,,,,,,,,,,,,,
s8,Non-product,Non-product,Cover Crop,CoCr,TRUE,Geranium incanum,Geranium incanum,GeIn,TRUE,Biomass,Geranium incanum,,No,No,b27.2,b41.2,b40.2,NA,No match,no match,no match,NA,NA,NA,NA,wfo-0000700650,no match,,,,,,,,,,,,,
s9,Non-product,Non-product,Cover Crop,CoCr,TRUE,Hermannia pinnata,Hermannia pinnata,HePi,TRUE,Biomass,Hermannia pinnata,,No,No,b27.2,b41.2,b40.2,NA,No match,no match,no match,NA,NA,NA,NA,wfo-0001141024,no match,,,,,,,,,,,,,
s10,Non-product,Non-product,Cover Crop,CoCr,TRUE,Helichrysum petiolare,Helichrysum petiolare,HePe,TRUE,Biomass,Helichrysum petiolare,,No,No,b27.2,b41.2,b40.2,NA,No match,no match,no match,NA,NA,NA,NA,wfo-0000024510,no match,,,,,,,,,,,,,
s11,Non-product,Non-product,Cover Crop,CoCr,TRUE,Pelargonium capitatum,Pelargonium capitatum,PeCa,TRUE,Biomass,Pelargonium capitatum,,No,No,b27.2,b41.2,b40.2,NA,No match,no match,no match,NA,NA,NA,NA,wfo-0001064058,no match,,,,,,,,,,,,,
s12,Non-product,Non-product,Cover Crop,CoCr,TRUE,Gazania krebsiana,Gazania krebsiana,GaKr,TRUE,Biomass,Gazania krebsiana,,No,No,b27.2,b41.2,b40.2,NA,No match,no match,no match,NA,NA,NA,NA,wfo-0000040495,no match,,,,,,,,,,,,,
s13,Non-product,Non-product,Cover Crop,CoCr,TRUE,Steirodiscus tagetes,Steirodiscus tagetes,StTa,TRUE,Biomass,Steirodiscus tagetes,,No,No,b27.2,b41.2,b40.2,NA,No match,no match,no match,NA,NA,NA,NA,wfo-0000063658,no match,,,,,,,,,,,,,
s14,Non-product,Non-product,Cover Crop,CoCr,TRUE,Heliophila coronopifolia,Heliophyla coronopifolia,HeCr,TRUE,Biomass,Heliophyla coronopifolia,,No,No,b27.2,b41.2,b40.2,NA,No match,no match,no match,NA,NA,NA,NA,no match,no match,,,,,,,,,,,,,
s15,Non-product,Non-product,Cover Crop,CoCr,TRUE,Lessertia frutescens,Lessertia frutescens,LeFr,TRUE,Biomass,Lessertia frutescens,,Yes,No,b27.1,b41.1,b40.1,NA,No match,no match,no match,NA,NA,NA,NA,wfo-0001274560,no match,,,,,,,,,,,,,
s16,Non-product,Non-product,Cover Crop,CoCr,TRUE,Roella ciliata,Roella ciliata,RoCi,TRUE,Biomass,Roella ciliata,,No,No,b27.2,b41.2,b40.2,NA,No match,no match,no match,NA,NA,NA,NA,wfo-0000818110,no match,,,,,,,,,,,,,
s17,Non-product,Non-product,Cover Crop,CoCr,TRUE,Monopsis lutea,Monopsis lutea,MoLu,TRUE,Biomass,Monopsis lutea,,No,No,b27.2,b41.2,b40.2,NA,No match,no match,no match,NA,NA,NA,NA,wfo-0000816624,no match,,,,,,,,,,,,,
s18,Non-product,Non-product,Cover Crop,CoCr,TRUE,Cleretum bellidiforme,Cleretum bellidiforme,ClBe,TRUE,Biomass,Cleretum bellidiforme,,No,No,b27.2,b41.2,b40.2,NA,No match,no match,no match,NA,NA,NA,NA,wfo-0000611732,no match,,,,,,,,,,,,,
s19,Non-product,Non-product,Cover Crop,CoCr,TRUE,Lampranthus multiradiatus,Lampranthus multiradiatus,LaMu,TRUE,Biomass,Lampranthus multiradiatus,,No,No,b27.2,b41.2,b40.2,NA,No match,no match,no match,NA,NA,NA,NA,wfo-0000361350,no match,,,,,,,,,,,,,
s20,Non-product,Non-product,Cover Crop,CoCr,TRUE,Drosanthemum striatum,Drosanthemum striatum,DrSt,TRUE,Biomass,Drosanthemum striatum,,No,No,b27.2,b41.2,b40.2,NA,No match,no match,no match,NA,NA,NA,NA,wfo-0000656984,no match,,,,,,,,,,,,,
s21,Non-product,Non-product,Cover Crop,CoCr,TRUE,Drosanthemum speciosum,Drosanthemum speciosum,DrSp,TRUE,Biomass,Drosanthemum speciosum,,No,No,b27.2,b41.2,b40.2,NA,No match,no match,no match,NA,NA,NA,NA,wfo-0000656980,no match,,,,,,,,,,,,,
s22,Non-product,Non-product,Cover Crop,CoCr,TRUE,Drosanthemum floribundum,Drosanthemum floribundum,DrFl,TRUE,Biomass,Drosanthemum floribundum,,No,No,b27.2,b41.2,b40.2,NA,No match,no match,no match,NA,NA,NA,NA,wfo-0000656906,no match,,,,,,,,,,,,,
s23,Non-product,Non-product,Cover Crop,CoCr,TRUE,Unspecified Cover Crop,Unspecified Cover Crop,UnCC,TRUE,Biomass,NA,,No,No,b27.2,b41.2,b40.2,NA,NA,no match,no match,NA,NA,NA,NA,NA,NA,,,,,,,,,,,,,
s24,Non-product,Non-product,Cover Crop,CoCr,TRUE,Crotalaria retusa,Crotalaria retusa,CrRe,TRUE,Biomass,Crotalaria retusa,,Yes,No,b27.1,b41.1,b40.1,Crotalaria averaged,,no match,no match,NA,NA,NA,NA,wfo-0000210930,no match,,,,,,,,,,,,,
s25,Non-product,Non-product,Cover Crop,CoCr,TRUE,Clitoria ternatea,Clitoria ternatea,ClTe,TRUE,Biomass,Clitoria ternatea,,Yes,No,b27.1,b41.1,b40.1,Clitoria ternatea,,no match,no match,NA,NA,NA,NA,wfo-0000179216,no match,,,,,,,,,,,,,
s26,Non-product,Non-product,Cover Crop,CoCr,TRUE,Centrosema pubescens,Centrosema pubescens,CePu,TRUE,Biomass,Centrosema pubescens,,Yes,No,b27.1,b41.1,b40.1,Centrosema pubescens,,no match,no match,NA,NA,NA,NA,wfo-0000179155,no match,,,,,,,,,,,,,
s27,Non-product,Non-product,Cover Crop,CoCr,TRUE,Mimosa invisa,Mimosa invisa,MiIn,TRUE,Biomass,Mimosa invisa,,Yes,Yes,a16.1,a16.2,a16,NA,No match,no match,no match,NA,NA,NA,NA,wfo-0000164675,no match,,,,,,,,,,,,,
NA,Non-product,Non-product,Fallow,Fa,TRUE,Natural Fallow,Natural Fallow,NaFa,TRUE,Biomass,NA,Added to provide residue codes to Rotation crop that receive residues from a natural fallow. In future this product should distinguish between woody and non-woody,NA,NA,b27,b41,b40,NA,NA,NA,NA,NA,NA,NA,NA,NA,NA,,,,,,,,,,,,,
